Gender,Current Annual Salary
F,70959.79
F,110359
M,55950.24
M,95740
M,74732
M,16451.5
F,63977
F,53274
M,68739.36
M,50172
F,50576.93
M,69722.32
M,62248.7
F,22938.5
F,156167.2
M,49470.1
M,43108.96
F,49790.85
F,100370
M,121372
F,64352.2
F,15216.03
M,20033.12
F,44618.21
F,23093.46
F,18322.04
F,61536.75
M,72144.95
M,46166
M,53274
M,160454
M,29500.98
M,65751
M,51471
M,56389.58
F,103455.12
M,41328.71
F,102377.4
M,30526.55
M,51471
F,42439.14
M,91869
M,47795.49
M,176837
M,75653
M,85918.26
M,65751
F,74981.23
M,71804
M,62456.93
M,93784.46
F,43108.96
F,88849.14
F,95740
F,77922.59
M,131987.69
M,36015.98
F,71495
F,31594.95
M,35621
M,49469.26
M,44618.21
M,31594.98
F,57581.65
F,100127.98
F,31594.95
M,83183.77
F,110359
M,85593
F,98612.2
F,77922.59
M,64651.04
M,49150.02
M,113669.77
F,97654.8
M,67403
M,113669.77
F,19359.72
M,95740
F,73144.62
F,78964.5
F,94472.03
F,60794.07
M,40242.06
M,30196.87
F,68780.99
M,62020
F,61879.1
M,78311.33
F,54486.57
M,49470.1
F,74607.8
F,228383
F,53882.33
M,62179.52
F,40146.08
M,94406.84
M,51201.55
M,49470.1
M,30526.65
F,52345.26
F,51461.38
F,47482.7
M,66740
F,41963
M,69627
M,51201.55
F,43443.05
F,47210.9
M,72286.02
M,50299
M,95740
M,73997
F,21165
M,113954.85
M,67846
M,43108.96
F,68893
M,67023.86
M,40242.06
F,95437.97
M,83100
F,66079.33
M,60420.58
F,25605.98
F,103381.1
M,78667.81
F,77417.45
M,66740
M,184314
F,35893.8
F,91314
M,73439.64
F,31594.95
M,101177.49
F,44617.77
M,123529.11
M,103162.59
M,89720.21
M,59825.47
M,56435
M,121372
M,49470.1
M,77347
F,99836.1
F,40145.78
F,105241
M,53732.01
M,58157
M,97825.01
M,67030
F,54487.45
M,100370
F,46284.34
M,69762
F,96697.02
F,70702.81
M,43108.96
M,47796.16
M,123799.44
M,81020
M,85474.19
M,84914.51
F,25805
M,121372
F,89720.21
M,112434
M,67030
M,74354.67
F,83167.82
M,41651.17
F,81323.66
F,75187.79
M,15974.85
M,68764
M,59827
M,46166
F,70959.79
M,53747
M,82858
M,65751
M,78962
F,40242
M,105241
F,68828.58
F,95121.31
F,81663.55
M,59922
F,34407.75
F,47870
F,61919.29
F,70475.63
M,67023.86
F,51556.8
M,80056
M,64651.04
M,97853.98
F,67723.53
F,20560
F,94108.8
M,31594.95
M,56268.47
F,100370
F,44048.85
F,53274
F,97654.8
F,47588.14
M,65751
M,45412
M,119340
F,80782.54
M,103162.59
F,52200.44
M,40242.06
M,45822.21
M,101232.29
M,66077.18
M,41650.84
M,67723.53
M,105241
F,57935.21
M,90739.99
M,40242.06
M,120442.11
M,99836.1
M,50172
F,71055.05
M,77520
M,47682.6
M,157620.94
M,71412
F,40242.06
M,40242
M,64086.06
M,159601.76
M,106811.84
F,108924.44
F,83363.67
M,44617.77
F,75000
M,37570.62
F,66740
M,49064.05
F,107345.82
M,83100
M,57221.26
M,35621
M,101374
F,53790.72
M,43108.96
M,90636
M,43108.96
F,63713.14
M,88268.94
F,82858
F,138838.15
M,35582.15
M,38945.39
F,82000.18
F,53274
M,43108.26
M,106825.46
M,32404.48
F,83100
M,91869
M,89429.83
M,39981.47
M,44522
M,101296.92
M,56143.05
M,95084.42
M,71172
F,47482.7
M,80056
M,78300.86
M,58081.05
M,129143.11
M,78300.86
M,62020
F,91869
F,135467.59
M,24625.34
F,41551.88
M,57203
M,95740
M,93808.26
M,50176.72
M,106811.84
M,105236.85
F,55768.6
F,53882.33
F,18878.58
F,100370
M,59922
M,98944.74
M,66699.84
M,46815.25
M,85758
F,105241
F,83230.37
M,97994.1
F,87549
F,57895
M,60735.01
M,49354
M,62234.07
F,52684.02
M,73264.82
M,69762
M,43630.71
M,46179.23
M,49470.1
M,76174.56
M,37088
M,46179.24
M,25126.98
M,46179.85
F,104005.06
M,119456.19
F,81235.25
M,95084.42
M,99710
F,46284.34
M,27269.84
F,107345.82
M,55109.24
F,95740
F,54721.26
M,56435
M,43443.06
M,83395
M,88420
M,63442.16
F,110359
F,72778.25
M,58410
M,31594.95
F,88849.14
F,121372
F,46073.67
M,115732
F,129072.23
M,155224.81
M,43108.96
M,59660.8
F,95740
M,64490
M,56322.66
F,68893
M,69067
M,52995.09
F,74294.57
F,69646
M,95740
F,64642.5
M,91462.35
F,54955.39
M,80056
M,47795.48
M,66439
M,64235
F,59967.04
F,72936
M,46166
F,70959.79
M,124192.26
F,39040.96
M,69148.35
F,66292.07
F,19746.84
M,51608.12
F,58859.44
M,93808.26
M,67283.01
M,95084.42
M,93830
F,77347
M,43108.96
M,122718
M,88849.14
F,75653
F,100370
M,71565.38
F,58483.38
M,81730
F,60146.95
M,72219.44
M,91869
M,62597.73
M,44617.77
F,50863.86
F,64086.57
F,49354.51
M,75054
F,22313.82
M,52098.97
F,149794.05
M,87520.18
F,99836.22
M,38629
M,93309
F,98636.55
M,46166
M,67023.86
M,95965.51
M,73578.49
F,102914.91
F,100370
M,56321.71
F,54719.07
F,65138.5
M,132774.66
F,75653
F,100170.57
M,66107.14
F,68893
F,78301.27
F,51822.59
M,79269
M,77347
M,90636
M,63275
M,69140.28
M,60455
M,47795.48
F,19359.72
F,68554.75
M,90636
M,106104
M,86900.2
M,105241
F,93023.26
M,95084.42
M,36480.8
F,63525.9
M,152519.94
F,122960.5
F,105075.94
M,71574.88
M,63837
F,101074.51
F,85593
M,46524.14
M,46486.32
M,106104
F,102171.99
F,137744.46
M,109480.1
M,47003
F,85593
M,55629
M,46166
M,91869
M,106104
M,110448
M,103024.27
M,55138
F,93830
M,65661.42
M,115732
M,71218
M,144328
M,46179.85
F,100370
F,133480.72
F,135480.89
M,110448
F,70959.79
M,60194
F,50045.37
M,96083.42
F,91869
M,65751
M,65668.75
M,87549
M,65144.28
F,95192.11
F,95740
F,121135
M,133975.58
M,77347
M,48890
M,160372
M,109817.64
M,50647.54
F,31594.95
M,59922
M,62248.7
M,49470.1
F,85593
M,102377.4
M,41651.17
M,43108.96
M,47486.81
F,45977.41
M,43443.05
M,59922
F,66236.21
F,41199.17
F,46070.34
M,46523.74
F,65122
M,95084.42
M,119456.19
M,90305.94
F,47795.48
M,64651.04
M,58755.61
M,99337
M,76458
M,98612.2
F,62020
F,110359
F,26866.01
F,59922
F,22313.82
M,80505
F,40146.77
F,105241
F,68935.23
M,38945.38
F,54721.26
M,76920
F,43108.96
M,84786.16
M,79457.36
F,44617.77
M,41650.84
M,95084.42
F,169950
M,55915.64
F,82770.25
F,66465.6
F,118471.98
M,109817.64
M,37412.78
F,52059.74
F,67723.53
M,53274
F,95740
F,42330
F,62080.05
F,66079.19
M,74732
M,70854.76
M,59922
F,30856.23
F,105241
F,19539.02
M,97654.8
F,69646.88
M,61677
M,58490.98
F,95084.42
F,68977.5
M,95084.42
F,22313.82
F,126878.18
F,60173.79
F,59169.77
F,96460
M,35404.89
M,80486
F,74101.03
M,107345.82
F,100370
F,123799.44
M,97091.55
F,58502.07
M,76652.67
F,105241
F,88840.07
F,31594.95
M,54417
M,64651.04
M,99674
M,62020
F,59258.09
M,108411
F,39078.64
M,59922
M,77166.06
F,100370
M,106292.55
M,127917.85
M,66740
M,46524.14
M,103210.88
M,38386.31
F,84371.78
M,137061.95
F,100185.11
M,88288.26
F,91869
F,65469.8
M,44617.77
M,95084.42
M,88761
M,127292
M,99337
F,87107
F,55138
F,95740
F,160388.61
M,66740
F,36636.92
M,58410
M,78300.86
F,160100.19
F,98612.2
M,98908.09
F,41650.84
F,70959.79
M,38974.7
M,58410
F,87107
M,67023.86
M,121372
M,138944.35
M,55080
F,54719.07
M,50737.97
F,20733.14
F,61712.45
F,37595.9
F,30526.52
F,49837.3
F,40145.78
F,90926.39
M,47796.15
F,94465.39
F,103381.1
M,44618.21
M,59606.8
M,103162.59
F,16451.58
F,26083.5
F,68893
M,126259
M,84762
F,57720.13
M,103381.1
M,47795.48
F,87107
F,72189
M,98612.2
F,60724.17
M,77884
F,16799.58
M,61880.15
F,170687
M,75455
F,49790.85
M,71110
F,26321.93
F,59818.56
M,125566.11
F,105241
F,45401.43
M,62492
F,110637.82
F,76009.38
F,62911.37
F,79257.02
F,64793.35
F,165746
F,46179.85
M,46179.85
M,69259.09
M,67723.53
M,99128.55
F,136771.15
M,43108.96
F,107345.82
M,153351.85
M,40242.06
M,114221.47
M,99836.1
F,155530.53
F,81765
F,84914.51
M,107345.82
M,62314.33
F,67328.36
M,46179.23
M,88268.94
M,79458.38
M,99710
M,95084.42
F,39040.9
M,136258
M,46089.74
F,70959.79
M,87530.72
F,59740.33
M,58483.38
F,121372
M,81232
F,46179.85
M,95740
F,57532.13
M,95084.42
F,60000
M,82043
F,78596.94
F,82218.44
M,57224.3
F,24740.19
M,49354
M,82858
M,67403
F,137076.64
M,107829.55
M,78203.73
F,95084.42
M,77347
F,47897.96
M,43439.8
M,115732
M,54820.13
F,89720.21
M,133067.15
F,51580.9
M,91869
M,60455
F,54527.97
F,45412
M,53408.71
M,49470.1
M,84059
F,100370
M,53747
M,50797.83
M,123799.44
M,69075
F,60455
F,55205.03
M,105241
F,56304
F,98246.67
M,93808.26
M,120442.11
M,72896
M,105241
M,103028.7
F,60001.3
M,130700.25
M,81748
M,98798.81
M,103818
F,46284.34
F,75653
M,56435
F,56476.61
M,56076.52
F,103656.33
F,56500
M,115714.93
F,68421.91
F,68893
M,81748
F,51081
F,138790
F,58503.33
M,93784.46
F,139173.36
M,79339.86
M,29500.98
F,59915
F,86538.28
F,70959.79
M,49149.93
F,108398.23
F,70973.4
F,73762.82
F,50549.95
M,114471
F,43733.38
M,99128.55
M,46179.85
F,84793.97
M,123172
M,50172
M,106104
M,71791.64
F,46070.34
F,50299
F,28496.8
M,67723.53
F,95084.42
M,96308.89
M,174576
F,89720.21
M,78300.86
M,116369.19
M,50172
F,83525
F,44329.72
M,57576
F,120215.31
M,62020
F,44860.11
F,47482.7
F,100370
M,75653
M,66699.84
M,64482
F,123799.44
M,69762
F,89720.21
F,99242.47
M,91869
F,26866.01
M,115732
M,49828.48
M,95084.42
M,86386.6
F,87078.75
F,105241
M,43108.96
M,81600
M,51471
M,61677
F,69800
F,61831.54
M,80056
M,158117.99
M,113487.75
M,48165.39
F,80056
M,91869
M,40242.06
F,83100
F,30526.65
F,156610.29
M,69762
M,95084.42
F,58411.11
M,67030
F,107345.82
F,34055.29
M,88922.53
F,110359
M,84613.05
M,97995.65
M,95084.42
M,48890
F,95084.42
M,95084.42
F,105241
M,75815
F,21664.64
F,95488.07
F,41551.88
M,79285
F,81160.39
M,89720.21
M,109589.35
M,46166
M,40247.57
F,107345.82
M,64192
F,179523
F,56635.33
M,71218
F,49470.1
M,68000
M,46166
M,160018.06
M,105241
M,60455
F,66500.24
M,45881.25
F,51082
F,75613.31
M,36827.05
M,64413.42
M,44618.21
M,44329.71
F,60146.95
F,70959.79
F,28503.36
M,75733
M,50172
M,88480
F,138790
F,45412
M,131624.58
M,83100
M,61712.45
F,65142.99
M,95084.42
M,58919.09
F,73956
M,99128.55
F,64252.22
F,67023.86
M,124222
M,50603
M,52373
M,69722.32
M,71218
M,67403
M,60455
F,89720.21
F,59258.09
M,46166
M,56435
F,58484.72
F,95405.09
F,120364.32
M,56190
M,111429.19
M,99710
M,44845.79
M,67846
M,99710
F,58027.8
M,112434
F,44329.72
M,67846
M,84269.09
M,75455
M,110359
F,190550
M,81351.29
M,95084.42
M,57598.94
M,69375
F,44000
F,40242
F,110359
M,50603
F,138790
F,100370
M,75646.83
M,72066
M,39981.91
M,62301
F,144328
M,80827.7
M,59922
F,100642.36
M,61864
F,69762
F,138790
F,160454
F,59258.09
F,91869
M,106104
F,63492.16
F,62020
M,42263.56
F,102516
M,91869
F,39040.92
F,52644.1
F,46070.34
M,78962
M,59922
M,61712.45
M,95740
F,105241
M,68789.97
M,56252
F,47000
F,56686.77
F,72203
M,93080
M,71400
F,58645.59
M,86237.18
M,59787.59
F,44618.22
M,49470.1
M,46179.86
M,49801.77
F,39040.97
F,50979.29
F,67066.02
F,84881.44
F,65713.3
M,175506.43
F,95084.42
M,99836.1
M,44618.21
F,67708.98
M,44618.21
M,64413.42
M,108924.44
M,66740
F,69075
F,59915
M,47744.03
M,109817.64
F,51471
F,144328
F,85593
F,96482.62
M,79630.33
M,67723.53
M,48107.09
F,51690.55
F,80056
M,90046
F,89529.92
M,64482
F,95740
M,47419.86
M,86814.06
F,60548.59
F,89720.21
F,57908.51
F,82934.27
M,65122
F,65122
M,81730
M,99836.1
M,88849.14
F,53882.33
F,100370
F,129826.13
M,87549
M,41651.17
M,76000
M,45881.25
F,41651.17
M,127013.13
M,67723.53
M,91869
M,59922
M,88096.67
M,85593
M,56231.86
M,91869
M,64275.3
M,90613.22
F,82043
F,26866.01
F,49836.48
F,99710
F,85593
M,34233
M,88692.17
M,40242.06
M,50603
M,55629
M,26005.25
F,77922.59
F,49469.25
F,73997
F,78853.41
F,51471.96
M,60735.01
M,82400
M,40972.98
M,138790
M,137061.95
M,64416.09
M,44618.22
M,109817.64
F,87684
M,108398.23
M,55080
M,120442.11
M,99710
F,53790.72
F,107345.82
M,75653
F,97114.05
M,72344.51
F,74460
M,106104
M,49470.1
F,70959.79
M,95084.42
M,91410
M,114471
M,72787.9
F,85593
M,64763
M,84591
M,77347
F,49306.1
M,97654.8
F,160454
M,44329.72
F,117554.51
F,59258.09
F,59915
M,160454
F,108924.44
F,23793.31
M,34233.24
M,120442.11
M,87401.53
F,138428.5
F,95740
F,71574.88
F,62200.81
F,75874.72
M,82043.42
M,49470.1
M,64529
M,90636
F,204097.69
M,85593
M,83100
M,81663.55
M,124222
F,74040.91
F,154427.76
M,64205.86
F,26866.01
M,74354.67
F,67598.69
M,71804
F,40146.08
M,81748
M,53747
M,53747
M,90636
M,103162.59
M,53747
M,65662.76
M,43378.24
M,77347
F,61061.53
F,40242.06
F,86814.05
M,52871
M,109817.64
M,46179.85
M,74732
M,90613
F,88761
M,106104
M,127013.13
F,77417.46
M,93982.64
F,91995.97
M,88268.94
M,87684
M,41750.67
M,99836.1
F,69148.35
F,37570.62
M,95699
F,88096.67
F,92210.18
M,90634.09
M,44617.77
F,105241
F,84340
M,59922
F,100370
F,75653
M,74732
M,65122
M,73997
F,93125.89
M,46166
M,95686
M,109817.64
M,73941.42
M,111900.85
F,55138
M,85593
M,46179.86
F,42174.22
M,69762
M,31594.98
M,67403
M,81748
F,53941.05
M,95740
M,78300.86
M,89720.21
M,43443.05
M,53965.53
M,89720.21
M,81663.55
F,108398.23
M,46179.85
F,74042.57
M,41651.17
M,82858
F,18322.04
M,54273.82
F,71846.91
F,50185
M,97114.05
M,147365.72
M,58157
M,81730
M,49351.49
M,109817.64
M,51082
F,44511.48
F,83218.3
M,46179.85
M,67403
M,77922.59
F,58139.33
F,60309.51
F,40146.08
F,138790
F,47985
M,50603
M,50172
M,50172
F,73632.78
M,67723.53
M,73713
M,60585.58
M,58483.38
M,91869
F,19359.61
M,83700.75
F,20931.88
M,138790
M,55629
M,95084.42
F,158118
F,60606.54
M,111761.86
M,43443.02
F,94053.42
M,88666.15
M,68764
F,77118.76
M,64491.93
M,57895
F,61296.77
F,89720.21
M,94928.4
M,50176.75
M,47419.85
M,78475
M,109817.64
M,107345.82
F,101005.7
F,77381.28
M,87107
M,55418.16
F,67723.53
F,98612.2
M,95740
M,105241
M,109817.64
M,75653
F,65632.76
M,109817.64
M,96460
M,97114.05
M,72203
F,26866.01
M,105241
M,46166
M,53274
M,56435
M,43108.96
F,104514.32
M,71804
M,103020
F,68893
M,74732
M,49469.26
M,100370
M,65706.4
F,38386.31
M,74318
F,52060.1
F,91314
M,68098.46
M,59922
M,49150.02
M,67723.53
M,50603
M,80056
F,83508.23
F,103381.1
F,98806.54
M,71804
M,145092.51
M,53274
F,57802.38
F,66846.29
M,103381.1
M,121372
F,82623.96
M,66798.09
F,62768
M,121372
M,71218
M,52098.82
F,82400
M,113669.77
M,91869
M,95372.46
M,78983
M,77166.06
M,95740
F,93566.82
M,75559.19
M,59297.81
F,17810.73
F,52020
F,73177.41
F,195209
F,55256.94
M,60447
F,39040.94
F,52000
M,116508
M,82400
M,109817.64
F,77166.06
M,59224.46
M,40338.81
F,40242.06
F,52684
F,64086.57
F,72189
M,138664.72
F,57720.13
F,31594.95
M,65751
F,98612.2
F,90622.91
M,72203
F,65211.33
M,96460
M,55629
F,72189
M,83702
M,106827.53
M,122777.7
F,68893
M,82858
F,79339.85
F,19539.03
M,85012
F,49354
M,99128.55
M,109084.81
M,116369.19
F,102377.4
M,69075
M,62012.03
M,49149.93
M,61884.14
F,160454
M,95084.42
M,50172
F,72140.02
F,107345.82
M,65751
M,49164
M,50172
M,77347
M,58919.09
M,41650.84
M,52644.1
F,81421.19
M,44329.71
M,123529.11
F,100370
F,95084.42
M,95084.42
F,72189
M,98612.2
M,99836.1
F,68477.29
M,138433.21
F,39665.74
F,23741.11
F,115732
M,68893
M,54849.8
M,108398.23
M,95084.42
F,86078.74
M,82043
M,68827.75
M,76920
F,75653
M,47187.47
F,47533.11
F,16451.58
M,152908
F,57802.38
M,66223.77
M,63000
F,57720.13
F,77986.48
F,58670.7
M,109817.64
M,90636
M,64416.09
M,50172
M,78380.36
F,138790
F,59258.09
M,99836.1
F,81065.02
M,95084.42
F,50863.86
M,95084.42
M,91869
M,44000
M,45500
F,60698.18
F,51533.42
M,103381.1
M,91869
F,98612.2
M,77757.81
F,52684.02
F,121372
F,103181.33
M,48890
M,62020
M,49149.94
F,62943.22
M,41610.27
F,88849.14
M,58377.38
M,97091.55
M,87107
F,44048.85
F,100370
F,121372
M,53747
M,96783.15
M,152908
M,88761
F,51201.56
F,77834.8
M,47003
M,97114.05
M,69037.48
F,70959.79
F,59739.38
F,49790.85
M,86700
F,81797.7
M,55049.76
F,72189
M,106104
M,52995.09
M,58919.09
F,77922.59
M,82858
M,47795.48
F,50299
F,100370
M,57576
M,53480.77
F,62248.7
F,53502.76
F,46818
F,68893
M,71495
F,105241
M,37525.44
F,20222.9
F,76312.08
F,48500
F,22359.17
F,88420
M,144328
M,59922
F,44936.25
M,59922
F,64388.63
M,24631.91
F,95740
M,51471
F,75480
M,121372
M,119890.57
F,64352.22
F,80543.22
F,100370
F,57514.53
F,64086.57
F,24626.86
F,107345.82
F,75653
F,121372
M,72203
F,75468.18
M,67723.53
F,74354.67
M,91869
M,79269
M,43108.96
F,65122
F,20225
M,72585.93
M,48558.55
M,97815.94
M,138790
M,138790
F,50299
M,49354
F,59169.81
M,46166
F,86624.76
M,29494.56
M,58410
F,94053.42
F,65046.59
M,73733.15
M,85758
F,100370
M,59922
M,106827.53
F,62176.06
M,54176.56
M,99049
F,36444.79
F,87001.41
M,66072
M,66588.59
F,59915
F,105241
M,79269
F,26083.5
M,44329.72
M,95084.42
F,40145.78
F,77771.02
F,94248
F,41651.17
F,22500
F,72248.52
M,65751
M,53274
F,89091.5
M,82432
F,92236.06
M,49470.1
M,138790
F,39040.96
M,72189
M,109817.64
M,80056
M,121372
F,39040.95
F,105241
F,98612.2
F,59905.68
M,77347
M,40242.36
F,19747.15
F,121372
M,68893
F,89277.08
M,121372
F,41820
M,178506
F,66083.11
M,74648.95
M,66292.07
M,80056
M,69722.32
M,59915
M,74493.22
M,69148.35
M,56435
M,72341.76
F,67723.53
F,58484.72
F,70959.79
M,51471
F,46783.4
M,62515
F,93829.23
F,61712.45
M,52967.18
M,55629
M,107345.82
F,51201.55
F,110359
M,85758
F,91314
M,62020
M,49354
F,26866.01
M,84610.65
M,74318
M,92832.87
M,88268.94
F,70959.79
M,52651.82
M,91314
F,61696.55
M,41651.17
F,75545.7
M,120442.11
F,80462.7
M,109817.64
M,97091.55
M,81663.55
M,41651.17
F,84205.72
F,70494.66
F,93985
M,114202.84
M,52373
M,119456.19
M,103199.85
M,84591
M,59569.33
M,46166
F,136912.62
F,82892.75
M,66072
M,109817.64
F,41963
M,147250.8
F,15216.03
M,85758
F,87107
M,158776.2
M,58410
M,69762
F,21664.64
F,30277.35
F,154020
F,69762
F,45877
M,107547.08
F,81400.29
F,75516.27
M,90046
M,94053.42
F,103381.1
F,72500
F,89720.21
M,106332.17
F,68827.74
M,67723.53
F,44511.48
M,95084.42
M,136179.2
F,95740
M,127013.13
M,40242
F,36444.77
M,100368.57
M,88393.91
M,100370
F,28496.8
M,46817.56
M,67846
M,97091.55
F,100370
M,49470.1
F,128520
F,96618.15
F,40145.74
M,57695.75
M,138664.72
F,76653.33
F,95740
M,46179.85
F,45935
F,44687.29
M,82400
M,93080
F,90636
M,46166
F,16451.5
F,144328
M,105241
M,89720.21
M,83100
F,55355.4
F,95740
M,57576
M,55768.6
F,49190.99
M,88761
M,87107
M,99337
M,53274
M,74732
M,120293.9
F,70571
F,58672.02
M,41651.17
M,78983
F,72189
M,185000
F,147152.21
M,40242
M,17027.65
M,91869
F,51471
M,103381.1
F,91869
M,94529.24
M,48175.29
M,63548.96
F,17623.57
F,46166
M,91869
M,64192
M,102516
M,95084.42
M,44617.77
M,47003
M,35582.15
F,138790
M,62556.04
M,47795.48
F,90636
F,41199.17
F,51202.98
M,69360
F,106827.53
M,59787.27
M,46179.85
M,56252
M,109817.64
M,133975.58
M,116369.19
M,78300.86
M,160454
M,46166
M,95084.42
F,100370
M,28497.17
M,63710.42
M,106811.84
M,152519.94
F,75514.7
M,55284.39
M,94053.42
F,100370
M,44617.77
M,46166
F,67712.08
F,81663.55
F,49552.66
M,43204.38
M,62301
M,80056
F,99836.1
F,59258.09
M,88225.8
M,121372
M,65751
F,59258.09
M,58680.55
M,77166.06
M,67723.53
M,45412
M,43114.79
M,52967.17
F,98612.2
M,50695
M,71412
F,41650.84
M,62571.45
M,60810.43
M,74732
M,107345.82
F,109817.64
M,122479.11
M,72189
M,57068
M,40242.06
M,116802.33
F,40178.51
M,91869
M,62257.88
F,65751
M,46179.85
F,26083.5
M,87589
M,76920
F,93042.99
F,71110
F,51082
M,90656
M,41651.17
M,53790.71
F,45935
M,82858
M,44618.21
M,69375
M,133975.58
M,57895
F,56395.15
M,160454
M,58139.33
F,55207.35
M,91869
F,95740
F,57952.42
F,51471
M,60455
F,75653
M,91869
M,50603
M,78300.86
M,105792.55
F,44512.41
F,75653
M,69375
F,88096.99
M,58472
M,75653
M,84059
M,62515
M,85758
F,22313.16
F,107345.82
M,95528.46
F,88849.14
M,72189
M,40242.36
M,118406.19
M,46179.85
F,59915
F,68292.49
M,63837
F,59258.09
M,41750.67
F,61712.45
M,89720.21
F,30856.23
M,121462.43
M,160454
F,105241
M,123529.11
F,73061.71
M,71804
M,89720.21
F,67368.46
M,50172
F,93199
M,44724.32
M,40247.57
F,52644.1
M,81663.55
M,150455.53
M,107362.14
F,126487.28
M,159266
M,67403
M,59066
M,78957
M,70843
M,74732
F,62457.52
M,86131.4
F,54159.95
M,89720.21
M,47187.47
M,101747
M,99337
M,40242.06
F,47635
F,57590.65
M,74533.22
M,53274
M,49064.05
M,40242.06
F,31594.95
F,59390.36
F,100370
M,76589
F,45412
M,64413.42
M,67723.53
M,45877
F,103381.1
M,74732
M,78300.86
M,64430.85
F,105241
M,73713
M,112434
M,73543.77
F,53805
M,95084.42
F,70959.79
M,120442.11
M,40242
M,45412
F,47686.24
M,62248.7
M,62020
M,91869
M,73713
F,52684.02
M,157249.46
M,67403
M,109817.64
M,45881.25
F,44266.27
M,66093.02
F,69762
M,92673
F,77922.59
M,95084.42
M,46960.53
M,98612.2
F,47686.24
M,109817.64
F,37803.09
M,61712.45
F,37720.32
M,109817.64
M,56768.3
F,80986.84
M,45412
F,97311.46
M,55138
F,118046.64
M,57908.24
M,69883
M,95740
M,46179.85
M,105241
M,122479.11
M,76314.04
M,121372
F,47003
F,86769.33
F,122318.43
F,100370
M,127013.13
M,62020
M,47796.15
M,74318
M,46166
M,80056
M,99710
F,59598.24
M,62020
M,92673
F,88714.78
M,40555.02
F,30856.23
M,66300
F,30856.23
M,138776.03
M,127013.13
M,65542.8
F,66236.2
F,138664.72
M,97114.05
F,37720.73
M,103381.1
M,58483.38
M,113468.07
M,67403
F,43443.05
F,68786.76
M,51471
F,99337
F,79387.23
M,19539.02
F,70959.79
M,69075
M,64192
F,74400.56
M,45412
M,59613
F,78492.76
F,77000
F,60068.03
M,51202.98
M,71804
F,113906.35
F,33570.4
F,86469.75
M,105241
F,102256.19
M,81379.33
M,28496.8
F,66501.04
F,132496.8
F,40145.78
M,127013.13
M,50185.26
F,73997
M,160454
F,100370
M,103162.59
M,34055.29
M,57576
M,32741.8
F,77166.06
M,95084.42
M,109817.64
M,75653
M,60618.21
M,46166
F,72888.17
F,105013.27
M,59922
F,73997
F,52347.42
F,47794.55
F,70959.79
F,101824.76
M,67865.5
M,64566.43
M,40445.84
M,143746.55
F,109817.64
M,95084.42
M,50172
F,154000
F,138790
F,40872.33
F,59258.09
M,48107.09
M,91869
M,91869
F,41120.25
F,100370
F,34233.24
F,68651.06
F,72189
F,135492.61
F,110359
M,121372
F,138790
M,95740
F,105241
F,102377.4
M,54498.53
M,41974
M,148558.52
F,60554.34
F,51081
M,35101.42
M,62003.9
F,68893
M,97114.05
F,59376.16
M,68764
M,62515
M,47003
F,75653
M,43743.35
M,65751
M,86466.43
M,102574.94
M,50172
M,98460.22
F,47871.34
F,88096.99
F,72083.71
M,83792.02
M,103381.1
F,101812.05
F,75872.72
F,59936.19
M,91179.71
F,19746.87
F,53274
M,78300.86
M,76894.89
M,78300.86
M,38839.75
F,60072.96
F,43808.49
F,61712.45
M,66482
M,117510.8
M,77993.1
F,32102.94
M,95084.42
F,72083.6
M,50172
F,43006.21
F,103381.1
F,110359
M,131903.07
F,65289.17
F,89899
F,57976.31
M,100370
F,86600.69
F,84472
M,62445.23
M,38580.72
M,107345.82
F,85593
M,160442.82
M,77044.2
M,77528.15
M,95084.42
M,56435
M,73444.8
M,58160.13
F,59922
F,98612.2
M,67723.53
F,68893
M,47635
M,46179.23
M,74268.5
F,73632.78
F,68828.58
M,82400
M,60698.18
M,138787.5
F,43733.38
F,43006.21
F,52868.01
M,74318
M,49017.21
M,29494.56
F,62814.15
F,108398.23
M,58484.72
M,129143.11
F,69075
M,72189
F,15216.03
M,60412.6
M,109817.64
M,80505
F,78428.71
M,50172
M,46166
F,90000
F,46105.1
F,40100.15
F,22313.16
M,59922
F,87107
F,30856.23
M,97091.55
F,105241
F,85593
F,70959.79
F,65801
F,120689.69
M,56768.38
M,62020
F,71805.65
M,110434.98
F,49720.64
M,85758
F,120442.11
M,17027.65
M,40242.06
F,100370
F,85758
M,53747
M,91314
F,85420.67
M,109563.66
F,25431.81
M,49790.85
M,61286.75
M,31775.21
M,95084.42
F,95740
F,39041.01
M,22313.16
F,59922
M,44617.77
M,65200
F,104438.8
F,91804.39
F,36857.88
F,79958.44
F,17623.57
M,92673
M,61712.45
M,34378.37
M,88034.82
M,67030
M,82400
M,123529.11
M,58410
F,105241
F,100000
F,89720.21
M,62248.7
M,130000
F,97403.14
M,48371.59
F,57952.42
M,44617.77
M,65751
M,49470.1
M,46179.85
F,79417.25
M,95699
M,69762
M,33570.4
M,74354.67
F,82858
F,49354.74
M,96460
M,50172
M,63450.84
F,56137.72
F,24739.55
F,94427.09
M,78983
F,46179.85
M,82858
M,46166
M,91869
F,48165.48
F,59740.02
M,145092.51
M,81663.55
F,99710
M,59922
M,90636
M,47795.48
M,69233.47
F,109817.64
F,45412
M,34895.93
M,44618.21
M,85593
F,82562.89
M,90155.73
F,61063.68
F,43825
M,126290.29
M,111900.85
M,95740
F,26866.01
M,18240.39
F,26866.01
M,60447
F,75516.24
M,43108.96
M,147362.27
F,59711.46
F,76500
M,80344.1
M,103411
F,83106.11
M,125619.85
M,210143
M,78983
M,96460
M,95084.42
F,36444.8
M,43443.1
F,56768.38
M,43108.96
F,65563.38
F,59258.09
M,58410
F,91314
F,76589
M,91869
M,62012.03
F,160454
M,87530.73
F,78318.86
M,64260
F,39627
F,87325.98
M,110359
M,86131.41
M,96460
F,45412
M,90636
M,113487.75
M,58000
F,44860.11
F,53274
M,46166
F,92556.39
M,86645
M,99836.1
F,115732
F,79269
F,84762
F,70959.79
M,109817.64
M,45412
M,71804
M,49470.1
M,116369.19
F,71804
F,127013.13
M,46179.85
M,118406.19
M,90171.7
M,81361
M,87107
M,60455
M,102277.67
M,68764
M,41381.82
M,121075.34
F,92644.67
M,69375
M,90613
M,102840.46
F,72083.61
F,58989.27
M,78300.86
F,103381.1
M,220000
M,44617.77
M,54708.77
F,44860.11
M,38945.4
F,61345.46
F,85593
M,43108.96
F,19539.33
M,71330.67
F,81870.9
M,156708.3
M,97114.05
F,63315.36
M,58483.38
F,19539.33
F,105241
M,89336
M,59297.81
M,91895.67
M,53790.72
M,38248.28
M,62020
M,56075.85
F,85758
M,40242.06
F,44618.21
M,127429.08
M,87903.7
F,57078.38
M,95084.42
F,47482.22
F,82398.34
M,145092.51
M,105241
F,80055.59
F,26702.44
M,42651.34
F,95740
M,106159.74
M,58410
M,43108.96
F,34335.14
F,40145.78
F,24274.28
M,133975.58
M,88761
M,99710
M,64651.04
M,67403
M,82400
M,46179.86
M,109817.64
F,37366
M,93199
F,26866.01
M,69762
F,90347.28
M,61712.45
M,72189
M,91869
M,179523
M,29494.56
F,71218
M,62020
M,85758
M,99128.55
M,59922
M,49354
F,26083.5
M,88761
M,121135
F,26866.01
M,106104
M,78076
F,83100
F,88761
F,95740
M,62020
M,99836.1
M,43108.96
M,51202.98
M,46179.85
F,49353.35
M,72203
F,20222.93
F,93140.28
M,67723.53
M,90636
F,59613
M,49306.1
M,79701.33
M,79269
M,40242
F,82858
F,112566.18
M,40242.06
F,37720.75
F,85983.46
M,74005.28
M,38839.75
F,100370
F,160454
M,51202.98
M,65664.91
M,78781
M,71172
F,91869
M,91635.69
F,57720.14
M,74732
M,129143.11
F,72189
M,87107
F,95402.54
M,73713
F,41468.37
M,78055.77
M,110359
M,71461.25
M,44618.21
F,72189
F,71405.1
M,31594.95
M,56435
M,107345.82
M,48500
F,57908.5
M,85758
M,84217.12
M,105241
F,72203
F,46166
F,90693.42
M,50603
M,67723.53
F,41651.17
M,132430.68
M,95699
M,40242.06
F,70959.79
M,26866.01
F,62002.57
F,46070.34
M,66329.61
M,98612.2
F,78505.19
F,19746.87
M,45320.5
M,47796.15
M,78300.86
F,47482.7
F,85593
M,41651.17
M,46166
F,91869
F,57802.38
F,73399.67
M,73444.81
M,71412
M,63656
F,29459.55
M,28497.17
M,46166
F,56769.71
M,36253.64
M,82858
M,51201.56
M,87107
M,105314
M,75653
M,86131.4
F,40242.06
M,79285
F,72730.35
M,121372
F,157790.91
M,74354.67
M,77166.06
M,97091.55
M,53761.13
F,84762
M,77166.06
M,49470.1
M,82400
M,47486.81
M,160454
M,84050.22
F,47796.15
F,97287.06
M,38974.7
M,105790
M,95084.42
F,39988.88
F,62390.43
M,83950
M,82892.48
M,95740
M,40242.06
F,74157.76
F,70959.79
M,47796.15
F,100370
M,46537.27
F,80964.82
M,56715.25
M,66535
M,95740
M,61289.01
M,17027.6
M,109817.64
F,104926.99
F,65751
F,59258.09
F,85408.67
M,88761
F,19746.84
F,39981.91
F,89417.44
F,18650.11
F,90955.99
M,111900.85
F,62154.2
M,62248.7
F,61236.19
F,110359
F,45877
F,105241
M,78983
M,83100
F,77568.06
F,47051.99
F,95740
F,73259.68
M,41656.59
M,85779.5
M,136258
M,49354
F,58670.7
M,96438.64
M,82400
F,16451.5
M,110359
M,123172
M,67723.53
F,69554
M,65145.47
F,99585.14
F,102516
M,93784.46
F,95740
F,91869
F,138414.98
F,105241
F,66501.03
F,59919.28
F,121072.04
M,89940.13
M,74732
M,60005.48
M,84914.51
F,18878.59
F,43866.12
M,61200
F,70959.79
M,41650.84
F,97114.05
M,65181.12
M,160454
F,71440.99
F,59915
M,122718
F,72083.7
M,63837
M,38945.39
M,59825.46
F,70772.33
M,86889
M,52020
M,54721
M,160832.53
F,56283.77
F,59915
F,50575.15
F,125013.16
M,76292
M,200000
F,53882.33
F,75653
M,31594.95
F,72189
M,95036.93
M,41650.84
M,61106.05
M,88268.94
M,51201.56
M,83746
F,92463
F,85593
M,50172
M,138790
F,25489.01
M,71400
M,49470.1
F,64763
M,109817.64
M,66167.94
M,76920
F,86611.61
M,47796.15
F,160454
F,117133.1
M,66072
M,95117
M,34233
M,91869
M,51471
F,85196.04
F,134377.53
M,68893
F,73904.59
M,94864.97
M,123172
M,43108.96
F,41381.82
M,44617.77
M,90636
F,73904.59
M,49902.06
M,80214.27
M,106827.53
M,103784
M,53274
M,99710
F,77922.59
F,95084.42
F,42830.65
F,70959.79
F,40242
F,95495.46
M,94690.1
F,71039.43
M,145092.51
M,89720.21
M,120442.11
F,74581.08
F,69791.87
F,85225.35
M,95117
M,51694.03
F,77922.59
M,109817.64
F,54719.07
M,100370
F,49354
F,119273.07
M,233003
F,65447.22
F,41651.17
M,110359
M,82858
M,102509.26
M,72420
F,43503
M,57277.95
M,72203
F,82580.87
M,67648.43
F,105241
M,74318
M,74732
F,24275.48
M,50172
F,88928.35
M,46166
F,98720.31
M,80756.32
M,53040
F,43006.21
M,55949.99
M,68651.15
M,82400
M,81970.46
F,59922
M,101374
M,95084.42
M,93046
M,95740
F,53790.7
M,129143.11
M,140766.7
M,50172
M,95084.42
M,51471
F,100370
M,100370
F,103381.1
M,72196.57
M,138790
M,121372
M,145092.51
M,40242.06
M,98612.2
F,68605.81
F,43006.21
F,81027.34
F,62080.08
M,131180.11
F,49470.1
M,53747
M,51967.95
M,72689.34
M,77347
F,75653
M,46558.53
M,46179.85
F,99005.98
M,47795.48
M,99049
F,25149.63
F,59258.09
M,160454
M,93291.6
F,53274
F,110359
M,53524.76
M,62020
M,60455
M,62768
M,49718.22
M,99128.55
M,44329.72
F,59922
M,91869
M,78475
F,146334.38
M,95084.42
F,98550.23
F,117640.21
M,303091
F,77922.59
M,67723.53
M,58502.07
M,95740
F,43006.27
M,87107
M,77347
F,44618.22
M,56436.41
F,84881.44
M,96460
F,61712.45
F,58411.33
M,72189
F,67290.91
F,52060.1
F,77922.59
M,73632.78
F,91700.38
F,52373
M,133975.58
M,127013.13
F,73733.13
F,69825.24
M,67403
M,55629
M,90613.22
F,63442.14
M,77086
F,77130.34
M,90886.34
F,67855.43
M,40242.06
M,103381.1
F,20930.74
M,110359
F,103381.1
M,76327
F,70959.79
M,101296.92
F,43108.96
M,83100
M,52006.53
M,98612.2
M,105241
F,95625.59
F,136258
M,42830.65
F,45877
F,100370
F,77421.7
F,59915
M,46179.23
M,67023.86
F,53882.33
F,44916.65
M,60076.67
M,64413.42
F,41551.88
M,62768
F,41120.25
M,41750.66
M,40242.06
F,38386.31
F,138790
F,32380.6
F,67766.19
F,109817.64
F,69762
M,64651.04
F,39870.39
M,95084.42
M,69762
M,45881.25
M,77922.59
M,83100
M,57921.16
M,47795.48
M,62234.07
M,83019
F,59258.09
F,39040.95
M,58157
M,95084.42
F,66501.04
M,58484.72
F,58490.98
M,43108.96
F,42000
F,103381.1
M,38158.32
F,66235.49
F,61712.45
M,61712.45
M,65122
M,67723.53
M,66072
M,87107
M,34233.24
F,47003
M,120442.11
M,46179.85
M,47794.85
M,87960.97
F,73264.93
M,56899.82
M,79269
M,97114.05
F,53244.45
M,83023.1
F,68827.74
F,77638.29
M,76458
M,60455
F,46073.67
M,29494.57
M,43108.96
M,129743.3
M,82400
M,72189
M,83700.75
M,49268.36
M,137700
M,120442.11
F,61712.45
F,80172
F,47430
M,78300.86
M,69369.68
M,129143.11
M,69037.94
M,66740
F,19539.33
M,46166
F,37631.31
F,77922.59
F,129143.11
M,61135
M,104495.78
F,42387.29
M,59922
M,110448
M,82043.42
F,68893
F,31594.95
M,28496.8
M,41650.84
M,145092.51
F,55138
F,70959.79
M,86771.62
F,38843.88
F,89131.83
F,41651.17
M,67004
M,75653
M,88761
M,72189
M,49470.1
M,29500.98
F,50863.48
F,91869
F,64482
M,138664.72
M,95084.42
M,39981.47
M,76355
M,49470.1
F,97654.8
M,95740
M,147214.56
M,50172
M,67030
M,70778
M,97091.55
M,62492
M,63750
F,73472.83
M,81748
F,52684.02
M,63872.38
F,94053.42
F,66501.04
F,63996.33
M,39078.07
M,106104
M,160454
F,100469.49
M,59915
M,165288
M,138664.72
M,59827
F,59915
F,93655.12
M,65122
M,112934
M,106104
F,93199
F,34376.24
M,65548.33
M,86190
F,46166
F,72936.1
F,94427.09
F,50172
F,100370
F,43954.54
M,45401.43
M,68893
M,37088.22
M,90636
F,71854.35
F,19746.87
M,50172
M,63383.35
M,60194
M,109817.64
F,54663.22
F,57579.79
F,70959.79
M,74582.22
F,113487.75
F,67723.53
F,108411
M,121135
M,51471
F,25605.98
F,116647.37
M,138790
F,65555.34
M,87107
F,30227.74
M,66292.07
M,65122
F,65659.36
M,68529.45
F,41963
F,66099.15
F,35431.54
F,21664.64
M,127013.13
M,76458
M,59703
M,93808.26
F,24739.55
F,60673
M,44617.77
M,51202.98
F,60316.63
M,44971.5
F,24740.19
M,113669.77
M,97091.55
F,160454
M,38945.4
M,121372
M,76918.77
M,160437.61
M,95699
F,68103.37
M,112434
F,52869.8
M,91869
F,53882.33
F,107345.82
F,92556.39
M,152519.94
M,52644.09
M,60455
M,60455
F,46524.14
F,78468
M,138790
M,75731
F,63841.73
M,72066
F,19539.49
M,51534.02
F,74354.67
M,51945.17
F,31594.95
F,39247.77
M,39627
M,72203
M,46179.85
F,77922.59
M,62020
F,44512.41
M,46081.53
M,49470.1
F,37088.22
M,50172
M,65751
F,110224.55
M,123529.11
F,50299
F,107345.82
F,73950
M,41963
F,89720.21
F,49105.89
M,49470.1
M,95686
F,75653
M,46179.23
F,49790.85
M,65751
F,58255.85
M,46166
F,37720.37
M,88268.94
M,90613.22
F,33000
M,62725.99
F,110582.72
M,87100
F,58034.28
F,68362.35
F,70959.79
M,103162.59
F,99837
F,98047.5
M,123529.11
M,100370
F,62301
M,78300.86
M,60145.17
M,116707.64
M,60455
F,76589
M,83100
M,58472
M,54183.74
F,40407.38
F,79269
M,47795.49
M,83664.06
F,144328
F,90613
M,85593
F,70054
M,58483.38
F,126099.6
M,16500
M,91869
M,51202.98
F,98314.19
M,56321.6
F,46179.85
M,35030.33
M,47795.49
M,40242.06
M,41973.98
F,56754.95
M,41946
M,113669.77
M,73841
F,85758
M,95084.42
M,71405.1
F,56182.47
M,31594.95
F,63240
M,89720.21
M,114674.24
F,103381.1
F,77451.44
F,100370
F,25177.79
F,55768.6
F,64482
F,70959.79
M,70140.91
F,78393.98
M,44962.91
M,58746.84
F,96029.84
M,91939
M,70959.79
M,74421
F,95437.98
M,80505
M,55768.21
F,70531.62
M,114471
M,60194
M,121372
M,49470.1
M,58157
M,72189
M,67403
M,90415.37
M,105241
F,64413.42
M,112434
M,107345.82
F,64297.13
F,152346.55
M,44617.77
M,74421
M,100471
F,55446.74
M,95615.77
M,105241
F,57161.6
F,73789.35
M,46166
M,89720.21
M,78988.72
M,77166.06
M,78962
M,78300.86
M,78300.86
M,84608
F,92860.39
M,138790
M,138453.25
M,73708.41
M,101747
M,96080.27
F,50231.63
F,99836.1
F,56173.26
F,36444.76
F,48805.01
F,91869
F,95740
M,113669.77
F,70306.87
M,123799.44
M,58993.27
F,79269
M,121135
F,46070.34
F,65122
M,110400.2
M,73663
M,82262
M,46803.74
M,129143.11
M,75653
F,160454
M,91869
M,74421
M,99836.1
F,100370
F,71069.91
F,70959.79
M,77086
M,30526.55
M,64413.42
F,82819.53
F,48500
M,49470.1
F,44950.86
M,59903.03
F,59922
M,140897.31
M,105241
M,55274.18
M,57666
M,74732
F,96783.33
M,71186.98
M,114103.37
F,88221.34
F,98908.09
M,53274
F,98612.2
M,131761.18
M,214730
M,206000
M,153366.4
F,46166
F,68893
M,58009.75
M,53274
M,91869
M,44617.77
F,115732
F,59368.17
F,60038.75
F,75012.82
F,179505.81
M,51202.98
M,108398.23
M,29494.56
F,44329.72
M,179523
F,45877
M,44617.68
M,47795.49
M,50172
M,95084.42
M,92651
M,67403
M,44618.21
M,118406.19
M,95084.42
M,103381.1
F,79269
M,43108.96
F,112337
M,115732
M,103381.1
M,79285
M,41651.17
M,116625.57
F,83380.99
M,173176.78
M,46166
M,71804
M,95084.42
M,95084.42
M,157338.55
F,100370
M,85284
M,103381.1
M,50172
F,76772.4
F,85283.03
M,72080
M,35431.4
M,68975.2
M,28496.8
M,53274
M,56435
M,49079.55
F,108924.44
M,91968
M,110359
M,43108.96
M,72189
F,57577.75
F,75653
F,81663.55
F,26866.01
M,71218
F,77638.17
M,66535
F,60145.17
M,71804
M,73841
M,85284
M,113487.75
M,77166.06
F,72122.32
F,60673
M,81020
M,75959.25
M,60876.95
M,45412
M,72203
M,48890
M,72203
F,65751
F,37720.32
M,95084.42
F,74971.71
M,51202.98
M,31594.95
M,40242.06
M,60455
M,58410
F,82043
M,137658.22
F,70574.27
F,35594.15
F,43108.96
M,29957.5
M,46179.86
F,31594.95
M,94556.73
M,41651.17
M,106104
M,31634
F,43007.13
M,93784.46
M,82494.35
F,105241
F,89720.21
M,125566.11
M,121135
M,43000
M,206000
M,91869
F,75653
F,61079.73
M,51201.55
M,81389.55
F,70959.79
M,157880.29
F,26866.01
M,70959.79
M,95084.42
F,32113.9
F,47795.49
F,101188.58
M,160454
M,95084.42
F,100370
F,51471
M,105241
F,62571.45
F,100000
M,46179.85
F,138790
M,68893
M,160330.61
F,20222.9
F,70959.79
F,107345.82
M,82858
F,62536.08
M,74582.97
M,109817.64
M,83702
M,95740
M,51350.6
F,61712.45
F,59740.02
M,73731
M,95084.42
F,40145.8
M,75653
M,95084.42
F,58484.72
F,59915
F,121646.01
M,57576
M,71412
M,74425
M,50172
M,60143.86
M,64529
M,82043.42
M,72066
M,95740
F,23903.33
F,23903.33
F,110359
M,29500.98
M,69375
M,49470.1
M,49469.25
M,95084.42
F,81663.55
F,51081
M,109817.64
M,66800
M,115521
M,73841
F,87852.41
F,89091.5
M,65122
F,17027.39
M,68340
F,50863.63
F,102377.4
M,179523
M,72154
M,80056
M,110359
F,107100
M,72203
M,62020
M,100370
M,110359
M,41750.65
F,67329.64
M,59922
F,81918.83
M,47410.88
M,55716.39
M,81215
M,67427
M,72144.95
M,53972.99
M,88761
F,95084.42
F,37088
F,100370
F,49718.22
M,60303.14
F,121372
F,70959.79
F,70959.79
M,56305.16
M,95084.42
M,66535
F,20222.9
F,96783.15
F,87107
F,70959.79
M,51201.56
F,73632.78
F,105241
M,60769.45
M,46179.85
M,45401.43
F,49229.4
M,138790
F,61918.77
M,91869
F,62353.59
M,95084.42
M,67723.53
F,77740.94
F,80056
M,100370
F,67175.86
M,126906.64
M,96460
M,70336.68
M,102377.4
F,109817.64
M,99128.55
M,48488.85
F,138614.52
F,101531.5
F,34688.76
F,40137
F,73632.78
M,46166
F,74409
M,89336
F,42559.34
M,31594.95
M,84207.44
M,99710
M,82043
F,98612.2
M,117291.18
M,56435
M,160454
F,81634.05
M,69762
M,66535
F,125810.78
F,62479.35
M,85758
F,95740
M,82400
M,44617.77
M,58484.72
M,70787.37
M,47796.15
M,77347
F,27271.15
M,106104
F,86677
M,90046
M,44618.21
M,62020
M,53274
M,60455
M,48165.63
M,55784
M,95117
M,55915.64
M,42830.65
M,93080
F,35247.15
F,74696.85
M,55629
F,77166.06
M,53747
F,75653
M,87589
M,75609.59
F,53274
F,75653
F,95084.42
M,177649
F,52620.5
F,87107
F,44617.77
M,63656
M,91869
M,72189
M,77166.06
M,143746.55
M,71228
M,42986.51
M,41651.17
M,132684.75
F,121812.07
M,102516
F,74732
M,44329.71
M,50172
F,49000
M,115765.1
M,59922
M,78475
M,107345.82
M,98612.2
M,72080
F,49353.35
F,89720.21
M,64661.62
M,105241
M,91869
M,131765.33
M,75672.09
F,48151.99
F,164141
F,85758
F,53274
M,210143
M,84059
M,55335.19
F,57243.84
M,97091.55
M,69067
M,82043
M,68572
M,71194.3
M,97091.55
M,62234.07
M,99128.55
M,79435.65
F,80714.8
M,74732
F,95699
M,41651.17
F,80367.84
M,68000
F,40145.78
F,89720.21
M,82980.29
F,29957.5
F,62089.82
F,62552.82
F,80783.75
M,138776.03
F,74970
M,40242.06
F,127013.13
F,68893
M,72341.76
M,47482.22
M,44272.33
M,52373
F,150000
M,71495
M,77166.06
M,55672.03
M,94289.09
M,44618.21
M,31594.95
F,47527.63
F,52966.37
F,54719.07
F,55811.51
M,95344.7
M,99836.1
M,83950
M,42830.45
F,37720.38
M,59915
M,79393.95
M,46179.85
F,94789.62
F,26866.01
F,43733.38
M,77347
M,83950
M,49470.1
M,96460
M,165046
M,85758
M,127013.13
M,73177.41
F,57456.24
F,59915
F,70626.45
F,105241
F,46073.67
F,67320
F,98612.2
M,38580.71
M,107345.82
M,59915
F,86876.66
M,67723.53
M,55672.04
M,46166
F,145092.51
M,87107
M,53747
F,105347.22
M,68963.6
M,108550.16
F,179523
F,80056
M,38974.7
M,67723.53
M,121372
F,67723.53
F,73632.78
M,93808.26
M,109817.64
F,80056
M,85758
M,99337.45
F,64192
F,93830
M,103381.1
M,125070.19
M,108411
F,138790
F,26524.46
M,117510.8
M,51201.56
M,91869
F,90472.34
F,160454
F,59216.5
M,51607.44
M,61704.27
F,30856.23
M,58484.72
M,79269
M,100370
M,69375
F,65751
M,62556.04
F,59922
M,95084.42
F,50185.26
F,59258.09
M,64192
M,80870.7
M,46166
M,116869.19
M,127013.13
M,87176
F,70788.91
M,50172
F,30959.65
M,120945.03
M,65751
F,68014.81
M,121372
M,78093.33
M,71172
M,66439
F,54719.07
F,50863.85
M,74318
F,81663.55
F,51081
M,125013.16
F,121372
M,102516
F,43066.64
M,67846
F,105241
M,113487.75
F,174576
M,53386.24
F,36445.14
F,95084.42
M,99673.61
M,54417.13
M,79811
F,64482
M,62020
M,75420.25
M,103162.59
M,74732
M,60455
F,61704.27
M,79285
M,58410
M,71804
F,79778.4
M,31594.98
M,82858
F,68651.14
F,52967.18
F,61176.32
F,48453.74
F,80709.18
F,43006.21
M,85987
F,65632.82
F,78718.07
M,75830.41
M,77347
M,99710
M,103199.85
F,73731.72
M,71804
F,85593
M,49470.1
M,53646.36
M,92673
M,64719.69
F,53747
M,70242.62
F,25605.98
F,49470.1
F,33844.96
M,55138
M,98612.2
F,53274
M,67403
F,53882.2
M,56252
M,82858
F,179505.81
F,32331.71
M,50172
M,83785
M,43866.12
M,38974.7
F,59980.75
F,85593
F,58979.66
F,41974.01
F,23750
F,77922.59
F,94931.07
M,41651.16
F,58570.22
F,46166
F,77347
F,160454
F,35212.33
M,73632.78
M,35621
F,105241
M,112434
M,88761
F,94871.58
M,77347
M,85758
F,74732
F,85758
M,109203.9
M,115732
M,46166
M,95084.42
M,64430.91
M,74108.17
M,121394.9
M,39078.05
M,179513.46
F,35615.9
F,107345.82
M,60058.81
F,83100
M,51201.55
F,70959.79
F,88268.94
M,95084.42
F,49470.1
M,48999.78
M,90636
M,83100
M,41963
F,23454.04
F,49469.25
M,89720.21
M,59922
F,53882.33
F,100370
M,51200.82
M,95880
M,46179.85
F,60782.62
M,67880.35
F,94178.49
F,107345.82
M,34055.29
F,103381.1
F,51081
M,53747
M,83100
M,46179.85
F,95080.08
F,75613.3
M,85284
M,82858
M,68420.9
M,83100
M,47795.49
M,151561
M,91314
M,78781
M,22940.64
M,62003.9
F,26866.01
F,57802.38
M,90636
M,81748
M,138664.72
F,55768.6
F,43108.96
F,83700.75
M,60455
M,67723.53
M,137136.9
M,90636
F,82399.88
M,87107
F,78032.4
M,103381.1
M,29500.98
M,71172
F,59951.68
M,56435
F,85593
M,65751
M,105236.85
M,65122
M,45881.25
M,92673
M,91101
F,105241
F,45315.43
F,23094.76
M,40242.06
M,43108.96
M,144000
F,76589
M,60455
M,81748
M,47796.15
F,67723.53
F,43553.5
M,64490
M,46166
F,67922.25
F,62910.61
M,91869
M,62492
F,95084.42
F,113656.35
M,95084.42
M,45412
F,132230.11
M,81748
F,45728.17
M,76920
F,26381.8
M,85758
M,56252
M,74732
M,84652.12
F,78999
F,127292
F,59827
M,69375
M,98612.2
F,91869
M,121372
F,51597.49
F,52684.02
M,82858
M,95084.42
M,49861.15
M,56435
M,46166
F,46179.85
F,15216
M,109817.64
F,16451.5
M,63275
M,78781
F,61712.45
M,78669.71
F,105241
F,53274
M,69185.92
F,81041.82
M,65859.67
F,95084.42
M,109817.64
F,37720.73
M,46166
M,87968.39
F,76589
M,105241
M,94053.42
F,43733.38
M,64192
F,46179.85
M,66439
M,82858
M,112434
M,62515
F,35608.2
F,65751
M,69762
M,133975.58
F,66501.04
F,83694.47
M,99128.55
F,55138
M,84827.25
M,62492
M,56435
M,46179.85
M,41651.17
M,44972.17
M,112434
M,77922.59
M,108411
F,83019
F,26866.01
M,101374
M,56190
F,18544.11
F,37720.75
F,106231.47
M,69762
M,29500.98
F,42575.87
F,57191.47
F,60554
M,95117
M,67030
F,45232.14
M,90305.94
M,152519.94
M,67403
M,123529.11
M,42830.18
M,153415.74
M,60423.23
F,70982.13
M,97654.8
M,51885.83
M,91869
F,29459.55
M,99836.1
F,58490.33
F,89720.21
M,37276.06
M,57823.33
M,80827.7
M,67030
M,71172
M,69375
F,40242
M,95740
M,95084.42
M,46166
F,70959.79
F,73195.83
F,105241
M,64482
F,138345.87
M,110359
F,105241
F,32113.9
M,138790
F,46815.26
F,72004.56
F,89720.21
F,47686.24
F,73369.42
M,120895.37
M,136258
M,77347
M,67723.53
M,99710
F,127013.13
F,49143.61
M,40338.81
F,73632.78
M,91869
F,70959.79
M,69762
F,216336
F,72837.81
M,60455
M,58368.98
M,40242.06
F,66087.19
M,67364.56
M,95740
M,86342.69
M,62020
F,60214.37
M,41650.84
F,55256.94
M,99710
M,160454
F,72203
M,51201.55
F,87107
F,76117.37
F,125359.43
M,46166
M,118046.64
M,95084.42
M,58158.85
M,69149.73
M,46166
F,59922
F,60724.17
F,56500
F,70959.79
F,107345.82
M,87107
M,50603
F,46179.85
M,43108.96
M,105241
M,125013.16
M,52098.33
M,67846
M,98159.82
F,88849.14
F,82858
M,125013.16
M,122019.29
F,107345.82
M,56435
F,95084.42
F,66300
M,64490
F,105241
M,88761
F,78300
M,50172
M,71218
M,76292
M,60194
F,120010.7
F,74793.3
M,69075
M,50172
M,73713
F,110359
M,69762
F,103333.14
M,46179.86
F,48870.08
F,68893
M,78300.86
M,67723.53
M,85758
F,107345.82
F,61712.45
M,40242.36
F,59258.09
F,114471
F,21664.64
M,93784.46
F,19359.72
F,77922.59
F,90926.39
F,72252.81
M,74732
M,80056
F,92463
F,91953.4
F,66948.4
F,20734.18
F,103381.1
M,50172
F,153059.69
F,44134.63
M,73539.64
M,105241
F,85284
F,20734.17
F,54527.94
M,91101
M,53274
M,45412
F,23903.33
M,60725.55
F,91314
F,92244.42
F,52684
F,18878.58
F,140460.72
M,74732
M,46524.14
F,51201.56
F,64205.86
M,67723.53
F,40145.78
F,67723.53
F,70959.79
M,66158.22
M,43108.96
F,30526.65
F,95740
M,73530.92
M,69185.92
F,62080.04
F,49837.31
M,123172
F,49470.1
M,62248.7
F,58672.02
F,63524.55
M,67723.53
F,93857.35
F,91869
M,47419.85
M,64651.04
M,62536.09
F,67723.53
F,16451.5
M,62020
F,99691.56
M,95084.42
F,95740
M,69883
M,28496.8
M,41650.84
M,83023.1
F,57453.48
M,44618.21
F,15500
M,56435
F,41553.07
M,98612.2
F,105241
M,69375
M,77347
M,47795.48
M,55170.88
F,75330.15
F,67427.34
M,43108.96
M,42919.77
F,74229.84
M,51310.48
M,74747.74
F,47774.26
M,67723.53
M,71656.65
F,43108.96
F,26970.75
M,51201.55
M,82002.48
M,99128.55
M,19864.87
M,67723.53
M,47635
M,95084.42
F,59922
F,100370
M,82946.6
F,103381.1
M,95084.42
M,95084.42
M,92673
F,84437
F,39040.97
F,47635
M,59922
M,69375
F,44860.11
F,105241
F,16451.5
F,138790
M,54064.94
F,73632.78
M,87650.95
F,74588
M,97591.55
F,53882.33
M,51201.56
F,90826.55
M,60455
F,74268.5
M,67723.53
M,89720.21
M,67723.53
F,115993.13
M,95740
M,123799.44
M,84437
M,56321.73
F,99955.78
F,100370
M,67403
F,87107
F,106104
M,99049
M,88849.14
M,69762
M,69762
F,100370
M,60455
M,95084.42
F,74607.8
F,47003
M,53790.71
M,105241
F,105241
F,110359
F,29251.01
M,55629
M,44618.21
M,62280.12
M,47955.3
F,103381.1
F,100897.02
M,63275
M,59922
M,34055.29
F,89720.21
M,86645
M,81663.55
M,82043.42
M,41650.84
M,80505
M,67723.53
F,55672.03
M,62797
F,49790.85
M,84608
M,35431.4
M,44329.71
F,75653
M,67723.53
M,45881.25
M,91869
M,53274
M,95084.42
M,41650.84
M,74715.62
F,64759.08
F,97114.05
M,69762
M,62020
M,55672.04
M,83021.81
M,79269
F,66300
F,74268.5
M,67723.53
M,78274.55
M,78962
M,121372
F,38570.29
M,62234.07
M,91869
M,95084.42
M,105792.55
M,51471
M,39981.91
M,91869
F,97654.8
F,100296.96
F,37027.47
M,43108.96
M,64651.04
M,59907.04
F,100370
F,88840.07
F,56323.28
F,74639.84
F,50185.26
M,41651.17
M,43108.96
F,49790.83
M,43108.96
F,90613.22
M,77520
M,74732
M,67030
M,62012.03
M,44618.21
F,20437.98
F,82562.51
F,60000
M,120442.11
F,61712.45
M,95699
M,51202.98
M,121372
M,63000
F,48488.2
M,55811.51
M,58919.09
F,75653
M,46179.85
F,68935.78
M,75653
F,61712.45
M,67030
M,84610.7
F,100792.96
F,80205.28
M,179523
M,59733.09
M,95740
F,46179.83
M,58884.31
M,55272.37
M,152519.94
F,96969.94
F,100370
M,75556.59
F,47482.7
F,76388.82
M,59922
M,121995.21
F,92766.66
F,59471.28
M,67407
M,87107
M,77622.7
F,95740
M,40242.06
M,65751
F,210143
F,34407.75
F,79269
M,77166.06
F,51202.98
F,40242.67
M,65751
M,70702.81
M,97091.55
F,46868.73
F,31594.95
M,51000
F,100370
F,74695.59
F,87414.38
M,64482
M,71093.33
F,26866.01
M,68893
F,96303
M,85593
F,43866.12
F,95084.42
F,62536.08
F,66161.64
M,72203
M,159601.76
M,41381.82
F,95740
M,56150.9
F,148755.34
M,95032.18
F,60455.5
F,54417.14
F,87107
M,47338.74
M,138790
F,18878.59
M,46179.23
F,51580.9
F,48894.67
M,129143.11
F,102377.4
F,108398.23
F,68893
M,69287.48
M,72066
M,43334.34
M,94053.42
F,67963.2
M,46166
M,145092.51
M,77347
M,60455
M,109817.64
F,97654.8
F,85593
M,65751
F,103381.1
F,100370
M,121372
M,144328
F,78667.81
M,50603
F,45935
M,53924.44
M,59922
F,87107
M,56252
F,49353.35
M,65000
F,39165.23
F,73747
F,93291.6
F,106827.53
M,88268.94
F,51201.56
M,83100
M,115732
F,80086.69
M,64552
F,70192.33
M,95084.42
F,62768
F,91869
F,166820.97
M,105241
F,95740
F,73872.45
M,47795.48
M,40242.06
F,21664.64
M,138790
M,65122
F,57720.13
M,60194
F,30526.65
M,69375
M,56435
F,133514
M,81663.55
F,56073.6
M,179523
M,91869
M,38718.84
F,72798.84
F,29459.55
F,44266.27
M,47744.03
M,112434
M,85284
F,19359.72
M,60194
M,46081.41
M,51201.55
F,59740.33
M,119203.96
M,38838.92
M,46179.85
M,109817.64
M,85593
M,103784
M,73841
M,101781
M,95084.42
M,77347
F,144328
M,137061.95
F,118955.59
M,59922
F,54527.96
F,20931.88
M,121372
M,19823.56
F,138790
M,95740
M,58410
F,103381.1
M,73904.28
F,43006.21
F,101579.56
M,95084.42
F,101552.1
F,58270.26
F,108398.23
M,105241
M,49143.45
F,144328
F,76744.49
F,71110
M,73598.61
M,85758
M,114422.97
M,28496.8
F,80975.46
F,179505.81
F,63848.49
F,64260
F,64716.94
M,136258
M,127107.19
F,138790
F,94927.74
M,121372
M,50299
M,109817.64
F,46250
F,132473.76
M,107158.83
M,95117
M,92432.45
M,81730
M,103381.1
M,53747
M,77166.06
M,82437.3
M,114151.32
M,89720.21
F,35211.84
F,23793.94
F,72269.13
M,91314
M,50172
F,75653
F,40407.37
M,78983
M,47976
M,44329.71
F,17027.65
F,49790.85
F,57802.38
M,64529
F,155034.49
M,80505
F,69825.24
F,94849.12
M,96460
F,57831.45
M,53413.8
M,120809.91
M,55126.71
M,95084.42
M,51471
M,69762
F,100370
F,61712.45
M,56435
M,51471
M,60032
F,73577.89
M,96783.32
M,53747
M,91410.46
M,120442.11
M,99836.1
F,108153.55
M,60455
M,170754
F,100370
F,19302.87
M,95740
M,59922
M,18878.81
M,82400
M,104002.39
F,29957.5
M,55784
F,91139.14
M,40247.57
M,59922
M,76458
M,60455
M,77108.77
M,77347
M,67030
M,48107.09
M,59922
F,89985.4
M,64416.87
M,99710
M,97604.5
M,61712.45
M,78360.66
F,87107
M,100370
M,72189
F,103544.41
M,40242.06
M,56757.87
F,17810.73
M,79285
M,47225.25
F,90656
M,95740
M,87549
M,67030.13
F,71404.98
F,75653
F,67403
F,81090.21
M,135963.93
F,87001
F,138152.56
F,108398.23
F,60724.19
F,35315.31
M,75653
F,45401.43
M,110359
F,41963
F,24321.74
F,91314
F,94053.42
M,62492
F,103381.1
F,121181.81
M,65490
F,84059
F,100370
F,53274
F,106827.53
M,108411
M,56252
F,95740
F,160454
M,82400
F,88866.56
M,103215
F,17810.73
M,74732
F,98628.52
M,87404.25
M,62556.03
M,46179.85
M,80056
F,62479.38
M,60455
F,78558.45
F,93833.85
F,68893
M,44329.71
F,66841.65
M,59595.78
M,56638
F,26866.01
F,103381.1
M,66535
M,110738.83
M,95740
M,51082
M,62301
F,98612.2
M,112434
M,92463
M,172934.28
M,123200
F,78962
F,73549.95
F,51533.42
M,69762
M,95740
M,69762
F,170687
F,28496.8
F,23151.96
F,81822.99
F,38418.15
M,80056
F,56435
M,94053.42
M,51533.42
M,94053.42
M,147900
F,75834.63
M,112434
M,74425
M,91968
F,105241
M,56321.73
F,100370
F,87107
M,86343.57
F,123799.44
F,85593
M,179505.69
M,98130.93
M,84608
M,92673
M,65751
M,53747
M,91869
F,100152.61
M,109817.64
M,71412
M,62301
M,179505.69
F,74732
M,87001
M,97073.16
M,138790
F,71805.65
F,127331.76
M,77347
M,78628
M,152044.59
F,75653
M,85063
M,51310.48
M,95816.45
M,50797.85
M,42840
F,89720.21
M,66423.36
M,20222.93
M,61682.77
F,30526.55
M,73996.98
F,67290.16
M,62301
F,138790
M,59922
F,58441.94
M,95084.42
M,97113.52
M,54408.7
F,73899
M,51607.43
M,110553.62
F,87450.34
F,82951.1
M,52059.73
M,70422
F,79285
M,50172
M,44913.76
F,100370
M,74354.67
F,81241.25
M,40892.65
F,62533.42
M,112434
F,90015
F,55179.5
M,46166
F,100370
M,55170.88
F,44104.68
M,88682
M,64490
M,71804
M,46166
M,99049
F,21664.64
M,91869
M,59827
F,77922.59
F,106628.34
F,62479.47
M,80056
M,72203
M,95740
M,44618.21
F,73694.97
M,89720.21
F,49790.84
F,81663.55
F,79578.43
F,75653
M,95084.42
F,82011.09
M,46166
F,70959.79
M,84033
F,65122
M,99836.1
F,97723.17
F,52684
M,121372
M,60455
M,104856.67
M,91869
F,107345.82
F,121372
F,58501.54
F,72366.77
F,50299
M,44618.21
M,70344.87
M,87190
M,84608
F,58671.5
M,95084.42
M,113669.77
M,81663.55
F,18878.81
M,62012.03
M,95084.42
F,100370
M,68456.81
M,41650.84
M,109817.64
M,85758
F,56635.33
M,37720.32
F,29205.66
F,108923.96
F,103381.1
M,103985.92
F,72507.27
M,187757
M,74732
M,72936
F,30856.23
F,58158.85
F,69722.33
M,44618.21
M,133331.56
M,115732
F,118195.91
M,95084.42
M,82858
F,95084.42
M,62492
M,36644.06
M,50172
F,97315.35
F,62301
F,65563.38
F,60194
M,38886.6
M,65751
M,46166
F,103381.1
F,150304.72
M,52267.7
M,41650.84
M,82490.88
M,25748.39
F,111412.6
M,60146.51
M,44618.21
M,57861.37
M,37291.1
M,128474.25
F,147214.56
F,105241
F,56473.15
F,44603
M,125566.11
M,40561.89
M,98612.2
M,64086.06
M,47796.15
M,98612.2
M,19359.72
F,70270.86
F,86735
F,80355.57
F,138790
M,91869
M,97091.55
M,59922
M,97091.55
F,183866.72
M,68893
F,95121.31
F,30856.23
M,28496.8
M,85987
M,79923.69
M,43443.05
M,53274
M,84608
M,55672.03
F,88849.14
M,35582.15
F,57720.13
M,71804
F,105241
M,97322
F,15132
M,67403
M,95084.42
M,58410
F,122300
M,85758
M,72203
F,67723.53
M,43108.96
M,77922.59
F,105241
M,160454
M,92673
F,43733.38
M,92673
F,59428.34
M,61387.74
F,40407.44
M,78983
F,105241
F,91869
M,68204.3
M,62768
F,40242.06
M,103215
M,145634.25
M,67023.86
M,112434
M,120442.11
F,59258.09
M,41650.84
F,70375.05
M,138790
M,53761.13
M,38945.39
M,59169.81
M,67403
M,83159
M,95699
M,75671.31
F,121372
M,69762
M,70959.79
F,66501.05
M,52128.95
F,66524.93
F,49790.84
F,68651.06
M,50603
M,67723.53
M,60765
M,121372
M,60455
F,62444.28
M,97091.55
F,68893
F,75488.88
M,42830.45
M,138465.36
M,70224.65
F,79654.79
M,59922
F,84437
M,44617.77
M,62079.67
F,96492
M,82400
F,137486.29
F,77166.06
M,106827.53
M,80505
F,31594.98
F,58427.71
M,91869
M,78300.86
M,75808.82
M,67403
M,55915.64
F,89092.09
M,56259.63
M,160454
M,75455
M,94122.11
F,44950.86
F,34446.5
F,61712.45
F,39554
M,72203
M,95084.42
F,70959.79
M,95536.08
M,47796.15
M,23593.73
M,50172
M,90613
M,67407.36
M,103162.59
F,55541.64
M,97091.55
F,105241
F,18701.27
M,157248.97
F,67364.56
M,47482.7
M,49816
F,100370
F,79575.78
M,195114.48
M,58157
F,91869
M,95740
M,119968.52
M,113487.75
M,46166
M,89509.27
M,138664.72
M,60455
M,97654.8
F,46284.34
M,67030
M,91314
M,67030
M,44617.77
F,85830.21
M,46166
F,87107
F,108398.23
F,83100
M,58671.5
F,70959.79
F,52684
M,53274
M,41650.84
F,55629
M,53747
M,62020
M,16453.01
M,56347.95
M,57068
F,52059.73
M,69375
M,147214.56
M,65788.55
M,78475
F,107000
F,105241
M,53274
F,160454
M,88761
M,66535
M,160454
M,63842.57
M,136258
F,45877
F,103381.1
F,59915
M,46166
M,76174.16
M,68893
F,68893
M,76355
F,59258.09
M,74763.89
M,76589
M,55672.04
M,81233.57
M,90334
M,79285
M,46179.85
M,107932.78
M,40242.06
F,87851.82
F,67175.86
F,103381.1
F,113487.75
F,84340
F,37995
M,91869
M,90634.09
F,25605.98
F,132844.8
F,102635.11
F,105241
F,51690.55
F,41861.48
F,121372
F,121372
M,60143.86
F,100370
M,65751
F,73233.51
M,100225.86
M,47419.86
M,67403
M,50863.86
M,103784
F,24740.19
F,100370
F,67359.8
F,19472.71
F,41550.96
F,79911.07
F,145000
M,47795.48
M,44500
F,29957.5
F,21295.69
F,23797.33
M,121372
F,68893
F,49167.8
F,68555.27
F,72083.7
F,82686
M,46179.85
M,82966.72
F,17810.73
F,19359.72
F,97654.8
M,89365.59
M,129143.11
F,48827.4
F,55672.03
M,61237.78
M,127180.35
M,73997
M,71804
M,115732
M,134267.11
M,58483.38
M,159601.76
M,40128.89
M,67723.53
M,82542
F,50737.97
F,60859.65
M,120533.4
F,89720.21
F,102448.37
F,95740
M,123529.11
M,41650.84
M,69883
F,95084.42
F,22660.26
M,44272.67
M,57203
F,62674.12
M,46179.85
M,55205.78
M,90636
M,87107
F,106516.04
M,62020
M,66979.58
F,83542
F,105241
M,50871.33
M,67403
F,83100
M,129143.11
F,72512.14
M,67723.53
M,91869
M,69375
M,91999
M,46166
M,95084.42
M,45412
M,51310.48
F,91637.26
M,100370
M,84437
M,89720.21
F,76174.56
M,53882.33
M,124222
M,76355
F,40242.06
M,55915.64
F,63761.83
F,71218
M,47635
F,52060.22
M,69762
M,46546.18
M,43742.78
M,57764.19
F,52060.1
F,80922.74
F,64863.14
M,60146.51
M,59740.33
F,58502.07
F,54604.99
M,109817.64
F,97427.07
F,138790
M,84160.26
M,97091.55
M,71412
M,85593
M,125013.16
M,51202.98
F,72122.19
M,95084.42
F,73065.71
F,59099.08
M,49095.38
F,52760.91
M,62891.53
F,69487.21
M,57387.38
M,43733.38
M,88318.33
M,41651.17
F,138790
F,51942.71
F,68893
F,119015.81
M,62020
M,95346
F,121372
F,69762
F,105241
F,60413.75
M,55276.3
M,109817.64
F,36444.77
F,103381.1
F,105241
M,55578.23
M,156107.87
M,28497.17
F,89720.21
M,95084.42
F,66606.08
F,65122
M,59935.22
F,103381.1
F,77347
F,42559.27
F,95740
M,69375
F,41650.84
M,46166
M,67030
M,76589
F,41371.2
M,71495
F,87107
M,147214.56
M,93199
F,137717.35
M,64896.18
M,64192
F,103381.1
M,95084.42
M,46166
F,38153.49
F,88155.18
F,52531.52
M,93309
M,60455
M,89720.21
F,68893
M,17623.61
F,83067.66
F,64863.21
F,83167.59
M,85593
F,35479.9
F,58865
M,53747
M,80056
M,60455
M,100370
M,77347
M,68131.81
M,77347
F,123799.44
M,39981.47
M,51606.93
M,46166
F,95084.42
M,95591.48
M,68893
F,91869
M,67030
M,90636
M,76920
F,138790
F,103381.1
F,79285
F,96013.49
M,92860.39
F,84163.33
F,38386.31
F,69825.25
M,53747
M,83100
M,47003
M,47482.7
M,99836.1
F,106104
F,105241
F,93830
F,47870
M,74354.67
F,74732
M,82858
F,40407.44
M,41650.84
M,44618.21
M,89710.69
F,158759.82
F,123799.44
M,84437
F,105241
F,49790.85
M,50172
M,60455
M,71563.9
M,59922
F,70371.94
M,60194
M,120000
F,95084.42
M,108264.49
F,103381.1
F,57976.31
F,121949.13
F,88761
M,45881.25
M,64651.04
M,37319.92
M,52871
F,16451.58
M,86889
M,88761
F,91869
M,43108.96
F,88849.14
F,38605.75
M,58410
F,62020
M,72203
M,80056
M,31594.95
M,93830
F,163110.36
M,65751
M,122479.11
M,102214.22
M,239566
M,50172
F,25605.98
M,54962.56
M,43443.05
F,54720.25
M,49354
F,76500
M,93310.06
M,88268.94
M,82400
M,138664.72
F,88589.21
F,104000
F,68893
M,103381.1
M,75653
M,95084.42
M,60194
F,72215.86
M,46990.33
F,45789.99
F,72962.58
M,78300.86
M,43108.96
M,106104
M,68764
F,89720.21
M,78596.24
M,73841
F,72203
M,45412
F,35211.84
F,39040.94
F,77922.59
F,35212.36
M,102377.4
M,28496.8
M,93327.7
F,53882.33
M,44845.79
F,70959.79
M,74062.61
F,108398.23
F,35212.34
F,72499.96
F,73232.45
F,56569.31
M,45412
F,23903.33
F,19539.02
M,59922
F,105241
M,90636
M,63656
F,63837
M,179523
F,51690.55
M,57576
M,73663
M,97114.05
M,82432
F,37720.75
F,47003
M,44266.27
M,81663.55
M,84059
M,59922
M,29494.56
F,99303.08
M,95084.42
M,91869
M,87107
M,20931.88
M,93140.28
F,60059.48
M,108264.5
M,39981.91
M,69375
F,36444.77
F,70959.79
M,123799.44
M,62012.03
M,93199
F,91306.66
F,20222.9
M,108473.42
F,93138
M,77166.06
M,21664.64
M,85758
M,44618.22
F,110359
M,59922
M,99836.1
M,56173.25
M,67004
F,68656.51
M,79285
M,62301
M,58377.38
M,66535
M,119940.11
M,45000
M,47188.34
M,75958.16
F,97654.8
F,78667.81
M,44618.21
F,116499.56
M,43108.96
F,43443.05
M,98302.15
M,87107
F,97654.8
M,121372
M,110359
F,108398.23
M,40892.67
M,69762
M,48890
F,47635
M,99710
F,37403.4
F,62674.12
M,91869
M,55672.03
M,53274
F,84339.72
M,107345.82
F,43006.21
F,47419.85
F,25378.6
F,43866
F,66236.97
F,59740.02
M,56252
F,70899.79
M,46485.96
F,60719.8
F,108550.16
F,80865.46
F,100370
F,38961.3
F,70959.79
M,68651.06
M,60032
F,52749.15
M,71495
F,69075
F,99787.37
F,81663.55
F,25431.74
F,87292.01
F,58502.07
M,67403
F,84437
M,58919.09
M,46179.85
M,59776
M,85063
F,89720.21
M,109817.64
M,112434
M,95084.42
F,83100
F,72083.69
M,75692.97
M,89143.38
F,100370
F,72647.88
M,67023.86
F,65122
M,56435
M,47278.38
M,39165.23
F,87107
M,78300.86
F,179045.34
M,89720.21
M,79269
M,65542.8
M,73177.41
M,93538.54
F,108398.23
F,49149.94
F,69762
M,50737.97
F,65122
F,70959.79
M,60765.48
M,77347
M,60455
M,88761
M,110359
F,130693.07
M,75653
F,35612.02
M,117723.98
F,61725.8
M,117549.84
M,79285
M,90636
M,97091.55
M,65751
F,113669.77
F,80558.97
M,46667.14
M,28503.36
M,70959.79
M,69067
F,150959.7
M,88268.94
M,43108.96
M,60194
M,49078.68
M,117510.8
M,49470.1
F,58411.11
F,20222.93
F,43733.38
F,133283.71
F,55215.68
M,60455
F,59915
M,85714.96
M,127013.13
M,66972.54
M,77347
M,35621
M,77504.43
F,47054.42
M,90149.94
M,43108.96
M,67846
F,33515.06
F,95740
F,65000
M,66439
F,76314.04
F,130383.8
F,47288.13
F,67319.8
M,46166
M,60673
F,85593
F,107345.82
M,103381.1
M,62020
M,83100
F,125648.8
M,65490
M,100253.06
M,74732
F,62295.93
M,105241
M,50172
M,56435
F,58504.67
M,50172
F,51471
M,91869
F,70959.79
M,109817.64
M,77262.76
M,132429.3
F,134443.88
M,41651.16
M,68572
F,95740
M,71412
F,95740
M,90656
M,79269
M,47796.16
F,46179.85
M,109817.64
M,112434
M,62492
M,47482.7
M,85012
M,87107
F,83966.1
M,53747
M,64235
F,138664.72
F,97654.8
M,95084.42
F,44511.48
M,90636
M,37570.64
M,93808.26
M,17815.2
M,53790.72
M,109817.64
M,82043.42
M,95084.42
F,31594.95
M,95740
M,58472
M,79811
M,115732
F,71859.77
M,77347
F,72084.54
F,42153.09
M,69762
M,84469
M,58368.98
M,100370
M,107345.82
M,136632.79
F,83474.92
F,74101.03
M,53747
M,46179.85
F,90480.3
M,44618.21
F,95084.42
M,46166
M,49470.1
F,87107
M,50172
M,53274
M,91869
F,88640.47
F,138785.45
F,77166.06
M,97091.55
M,138790
M,62020
F,56768.38
F,68131.81
F,35212.1
F,24740.19
F,41457.56
F,61139.07
F,70959.79
M,102141.55
F,160454
M,41650.84
F,43866.12
F,69685.97
M,40242.36
M,59922
M,89720.21
M,84059
M,77347
M,68306.05
F,18878.81
F,85593
M,100077
F,41551.88
F,127013.13
M,82400
M,57666
M,56435
M,68651.14
M,60455
M,88057.13
M,60455
F,49837.3
M,88761
F,96821.85
M,43108.96
M,93080
M,177649
M,82517.24
F,70959.79
M,52992.53
M,100370
M,43211.93
F,95084.42
M,66709.66
F,100370
F,100655.53
M,92067
F,58253.7
F,68828.58
F,115732
M,74715.62
M,67723.53
M,81425.21
F,52060.1
M,47795.5
M,95084.42
M,46179.85
F,67958.15
F,50164.03
F,19302.87
F,70270.86
M,54848.67
F,105241
F,19359.72
F,46070.34
M,121372
F,68811
F,113487.75
M,90613.22
M,30856.23
F,138779.27
M,38580.72
M,51263.26
M,53941.5
M,46166
M,54486.65
F,26083.5
M,40826.6
M,74318
M,95084.42
F,52060.22
M,35431.4
F,43407.13
F,59258.09
F,59740.33
M,123799.44
M,40831.78
F,54368.55
M,46179.85
M,95084.42
M,62534.75
M,93617.4
M,75653
M,41650.84
F,44512.41
F,30526.55
M,44617.77
F,64192
M,115521
M,109817.64
M,95084.42
F,72936.6
F,101166.97
M,87100.15
F,115482.13
M,61330.19
M,41651.17
M,107309.78
M,100370
M,62020
M,85284
M,138790
M,91869
M,60143.86
F,70959.79
M,52644.1
F,56527.55
F,52793.39
F,142695.37
M,74318
M,95084.42
F,69762
F,80456.91
M,76500
M,99049
M,57720.51
F,75653
F,40145.78
M,102509.26
F,132313.24
M,116369.19
M,91869
F,62314.34
M,11147.24
M,99049
F,84318.68
F,102377.4
F,68359.67
F,26539.28
F,63699.36
F,103381.1
M,49470.1
F,55257.46
F,100370
F,137947.23
F,160454
F,160448.75
F,106104
M,40242.67
F,40407.44
M,91869
F,111819.46
M,38580.72
M,44618.21
M,98899.26
F,70151.54
F,41650.84
F,51533.42
M,67030
M,83785
M,77765.74
M,117000
F,59915
M,116369.19
M,89791
F,70600.75
M,78300.86
M,64552
M,60455
M,47795.49
M,102516
M,50172
F,87107
M,55784
F,121372
F,134135.65
F,43431.71
F,105241
F,87292.35
M,46166
M,109817.64
M,50172
M,82400
M,47796.16
M,99337
F,96585.2
F,17623.61
F,103381.1
F,57000
F,52345.26
M,112434
M,103381.1
F,46179.85
M,90305.94
M,67023.86
M,53118.02
M,47796.15
F,49470.1
F,102448.37
M,81663.55
M,46179.85
F,83235.52
F,77922.59
M,46166
F,50299.26
F,90656
F,75653
F,79269
F,59922
F,82858
F,68893
F,26342
M,84582.54
F,60076.67
M,88761
F,91869
F,68826.36
F,82962.27
F,44860.11
M,61282.76
M,59066
M,49339.96
M,46166
M,89931
M,79269
M,47533.11
M,31594.98
M,37276.54
M,95084.42
M,83785
M,105241
F,56283.77
M,93318.94
M,138790
F,52994.97
M,108848.84
M,40242.06
F,40146.08
M,40242.06
M,69075
M,84584.37
F,38829.04
F,79829.9
M,79285
M,45401.43
M,91968
F,105241
F,105241
M,43866.12
F,85593
M,90637.54
M,53790.72
M,109817.64
M,39040.94
F,74443.65
M,66236.97
F,79285
F,100370
M,43443.05
M,68385
F,93318.94
F,85050.4
M,138790
M,101849.64
F,19472.71
F,95495.46
M,77166.06
F,45977.41
M,64632
M,59922
F,38629.44
M,60455
F,56768.38
M,90636
M,47486.81
F,155000
M,160087.34
M,74732
F,98360.31
M,60870.44
M,145092.51
F,65014.85
M,41974
M,58645.59
F,80056
M,82858
F,78781.47
M,67723.53
F,105241
F,41963
F,77922.59
M,57203
M,97018.83
M,87107
M,67723.53
M,67836.79
M,77347
M,106104
M,160454
M,46179.85
M,57432.25
M,62445.62
M,65751
F,57847.76
M,99128.55
M,90305.94
M,60455
F,97654.8
F,49354
M,44451.96
F,80596.89
M,67723.53
M,90613
F,60455
M,105241
M,82043
F,116149.97
F,23093.46
F,38386.31
M,54621
M,75030.77
M,46166
F,129051.19
F,59915
M,52098.84
M,67403
M,108398.23
F,70959.79
M,102509.26
M,88761
M,112434
F,28503.36
F,60554
M,81369.2
M,37276.53
M,39931.04
F,53274
F,66740
M,81869.54
M,47796.15
F,91869
F,100370
M,116418.61
M,58621
M,91869
F,57823.46
M,69762
F,76315.21
F,50185
M,65122
M,70908.5
F,121372
F,95740
M,77130.33
F,45412
M,95084.42
M,138790
M,57223.39
F,73309.29
F,73632.78
M,98612.2
M,105241
M,67723.53
M,60146.51
M,60765.48
M,95740
M,103199.85
F,64252.22
F,57720.13
M,31594.95
M,59864.71
M,76292
F,144328
M,108923.96
F,59922
F,119203.96
F,61712.45
F,59922
M,160454
M,67175.86
M,64760.85
M,74318
M,60032
M,102377.4
M,70959.79
M,70959.79
F,59825.47
F,70959.79
F,85094.1
F,40242.06
M,86343.57
M,48690.91
F,97882.1
M,93199
F,95740
M,103210.55
F,44950.86
M,59825.47
M,62515
M,44618.21
F,94427.09
F,69158
M,69075
M,60180
F,95620.93
M,43350.3
F,107345.82
F,83167.64
F,26866.01
M,109817.64
M,53790.72
M,138790
F,97701
M,58919.09
M,113487.75
M,119710.11
M,60455
F,128820.16
M,63275
F,49470.1
M,83950
M,85758
M,53262.53
M,65650.97
F,65751
F,78277.66
F,62050.07
M,62248.7
M,99049
M,95084.42
F,100370
M,78983
F,52684
F,121135
M,119456.19
M,51694.03
M,71495
M,77086
M,66439
M,72203
M,59922
M,72080
F,61712.45
M,83702
F,82858
M,82858
M,69286.56
M,112434
M,91869
M,57802
F,18240.4
F,47796.14
F,61712.45
M,88268.94
M,110359
M,65560.8
M,152397.28
M,160454
M,31594.95
F,43606.53
M,38839.75
M,81663.55
F,80056
M,44617.68
M,98302.14
F,83700.75
M,56768.18
M,71412
M,44972.18
F,63275
M,85593
M,123799.44
M,76157.21
F,24740.19
M,91314
M,60146.51
F,36444.8
F,67290.16
F,48151.99
M,76772.4
M,110359
M,96303
M,89139
M,91869
M,71181.67
M,50172
M,121372
M,53747
F,62080.05
M,81663.55
M,62248.7
M,53789.41
M,82858
M,107345.82
F,65632.76
M,53274
M,82059.56
F,20222.9
F,99720.84
M,58613.12
F,59263.5
F,39040.97
F,19539.03
F,45401.43
F,95084.42
M,95084.42
F,89720.21
M,71804
F,55950.24
M,113669.77
M,52994.97
M,64413.42
F,136258
M,69762
F,103381.1
F,68893
M,49470.1
M,49470.1
M,84425.66
M,47003
M,62797
M,114471
F,66501.03
F,79167.82
F,63851.7
M,88926
F,40145.78
F,46364.97
M,78999
M,85012
M,57576
F,54721
M,120371.52
F,40242
F,31594.98
M,78300.86
F,96303
M,121372
M,88268.94
F,46920
M,152519.94
M,91869
F,52530
M,48175.3
M,60418.76
M,60455
F,69185.92
M,53747
F,67957.81
M,43553.5
F,19302.86
M,82858
F,125016.43
M,128997.35
M,47482.7
F,64192
M,95740
F,131315.57
M,58503.38
F,120804.51
M,87684
F,40382.02
M,66535
M,60455
M,117484
M,142800
F,62079.67
M,121135
F,55768.6
M,49470.1
M,51201.56
M,62020
F,91128.22
M,50172
F,85593
M,61391.45
F,21279.63
F,80206.84
M,75653
F,114422.87
F,138581.14
F,86131.4
M,103381.1
M,149521.09
M,87450
M,144328
M,85987
F,74354.67
M,77347
M,65751
M,134125.55
M,83232
F,72203
F,90270
M,67030
M,76676.55
F,75653
M,41651.17
M,49470.1
M,68893
M,46179.85
F,88268.94
M,65142.99
M,155395.06
M,69762
M,93707
M,54721
F,57192.15
F,19539.02
M,41651.17
M,72066
M,48151.98
M,60455
F,76616.14
M,87450
F,121372
M,51202.98
M,41651.17
F,97654.8
M,84438.45
F,95106.04
F,65122
M,62234.07
M,55671.39
F,67723.53
M,57211.49
F,52428.41
M,91869
M,105241
F,84064.38
M,91869
M,67175.86
M,64552
F,68893
M,55205.02
M,51607.91
F,100370
M,58919.09
M,59888.55
F,66162.87
F,49353.35
F,60455
M,108398.23
F,71198.97
M,123031.82
M,44618.21
F,182492
F,70959.79
M,62515
M,37720.32
M,71153.32
M,79269
F,110359
F,78667.81
M,56190
F,99836.1
M,82239.03
M,16451.58
F,25605.98
M,71111.01
M,57238.1
M,82043
M,67723.53
M,55629
F,55138
M,100970.19
M,92868.22
F,61918.9
F,98612.2
M,62012.03
M,89336
F,133249.76
F,32380.61
M,57068
M,78983
F,41199.18
M,67030
F,47635
M,78983
F,26866.01
M,81709
M,60447
F,87414.38
F,43553.5
M,56435
F,144328
M,52994.97
F,54719.07
M,94690.1
M,105241
M,42784.92
M,109510.08
M,46179.85
F,58305.78
M,42261.94
M,35574.14
F,51971.69
M,65653.34
F,74716.2
F,70959.79
M,71616.05
M,123529.11
M,98612.2
M,80000
M,138664.72
F,61604.23
M,105241
M,77449.64
F,95740
M,125013.16
F,21108.03
M,107502
M,48117.55
M,120471.6
M,45412
M,49354
F,44511.48
M,59922
F,70100.2
M,50797.87
M,76589
F,79367
M,85593
F,63996.33
M,112184.27
F,95740
M,51694.03
F,92181.32
M,95084.42
M,44618.22
M,69375
F,30526.55
M,123529.11
F,43443.1
M,76292
M,101747
F,41550.91
F,51669.75
M,97091.55
F,68893
M,105241
M,67723.53
M,41651.17
M,53394.86
M,97604.5
F,62891.53
F,61710.77
M,88537.92
M,80700
F,100370
M,79269
M,82858
M,37088.22
M,44617.77
M,160454
M,127013.13
M,66535
F,103417
F,108398.23
M,84437
M,31594.95
F,130171.3
F,66674.34
M,88761
M,102160.26
F,51202.98
F,79167.95
M,35621
M,73110
F,68555.27
M,179523
F,80056
M,115254.41
M,18878.59
M,127013.13
M,88268.94
M,57576
M,69762
M,53747
M,81730
F,38570.29
F,46179.85
F,103381.1
F,105241
F,89692.87
F,87107
M,55914.35
F,68893
F,123627.06
M,48151.99
F,88863.15
M,90636
M,46179.85
F,75653
M,43108.96
F,44561.1
M,110359
M,47897.96
F,45877
M,70959.79
M,40242.06
F,77922.59
M,100370
F,32404.86
M,31594.95
M,58157
M,91869
F,52344.06
M,179523
F,41650.84
M,41650.84
F,105241
F,35247.22
M,35621
M,50172
M,51201.55
M,84059
F,65122
M,88761
M,117510.8
M,71713.86
M,57741.06
M,93080
M,84608
M,31594.95
M,90659.81
F,93080
F,41750.65
F,70102.49
M,71172
M,91869
M,37755.45
M,41381.82
M,66482
F,121606.57
F,75138.6
F,138472.78
M,62020
M,59922
F,83917.81
M,98612.2
M,77166.06
F,47635
M,50172
F,53274
M,91869
F,47386.99
M,145092.51
F,95084.42
M,69075
M,82858
M,73841
F,17027.65
M,64490
F,91869
F,59915
M,49750.44
M,60167.41
M,78300.86
F,129851.6
F,38629.44
F,43108.87
F,89720.21
M,62003.9
F,62020
F,89391.87
M,160087.34
M,95084.42
F,88796.24
M,51000
M,67723.53
M,138790
F,18878.58
M,132788.39
F,67269.99
M,121372
F,71304.09
F,91992.07
M,82432
M,42651.34
F,43866.12
M,87107
M,61712.45
F,121372
M,102516
M,47796.38
F,41651.17
M,50172
F,41120.25
M,106104
F,74948.85
M,40242.06
M,95084.42
F,121622.66
F,103381.1
F,64085.92
M,34233
M,145092.51
M,99148.73
M,108225.35
M,64235
M,71804
F,55533.85
F,47982.76
F,19079.1
M,95740
M,121135
F,56639.06
F,65751
F,95130.64
M,129143.11
M,70959.79
F,137839.65
M,64967
M,46179.85
M,88761
M,44617.77
F,41199.17
M,63683.89
M,91869
M,82043
M,59569.34
M,95627.47
M,94053.42
M,73439.64
M,52060.1
M,138790
M,62515
M,159601.76
F,95084.42
M,66439
M,79269
M,40338.81
M,60455
M,46166
M,82117.33
M,100370
M,69883
M,56686.77
M,31594.95
M,138790
M,68845.25
F,73997
M,68109
M,50172
F,50000
F,57281.94
F,54071.5
M,53747
M,81221.63
M,38945.4
F,72755.64
F,62674.12
M,91800
M,52995.09
F,72189
M,58472
M,51201.55
M,50000
F,69397.47
M,133975.58
F,107345.82
M,95084.42
M,89931
M,60812.85
M,78380.32
M,67723.53
M,74354.67
F,68893
M,69964.62
M,99673.61
F,51533.42
F,46428.14
F,26866.01
F,64428.69
M,56435
F,97405.37
M,93784.46
M,62492
M,200595
F,25605.98
F,43553.5
M,67409.35
M,88761
M,69762
M,102516
M,79285
M,75653
M,62020
F,66292.07
M,88761
F,73379.28
M,67417.06
M,51533.42
F,71198.69
M,64482
F,79382.63
F,61712.45
F,40145.78
M,72203
F,75653
F,110359
M,71804
M,40338.81
M,120442.11
F,90083.3
F,32330.47
M,47486.81
F,17623.57
F,65632.8
M,115764.95
F,45412
F,56112.44
F,81421.19
M,52235.5
F,48890
F,76010.66
M,69051.54
F,59258.09
F,57720.13
F,51694.03
F,91904.17
F,59723.3
M,50172
M,109817.64
F,47795.49
F,78130.59
F,94108.8
F,84881.44
F,103381.1
M,41651.17
M,59711.87
M,49470.1
M,44617.77
M,65122
M,59739.41
M,105241
M,40321.55
M,113669.77
M,45881.25
M,66740
M,64477.11
F,103381.1
M,81749.82
F,57620.42
M,62020
M,82400
M,97091.55
F,60944.54
M,49470.1
M,67030
M,78300.86
M,56210.63
F,21664.51
M,60447
M,59935.22
F,31238.4
M,69762
F,77922.59
M,62515
F,59002.14
F,91314
M,56638
M,91968
M,95084.42
M,123172
M,62248.7
F,28497.17
M,47795.49
M,82858
M,93080
M,106104
M,44617.77
M,42879
F,61712.45
F,66682.18
M,49470.1
F,59915
M,48890
M,122020.15
M,63656
M,55275.47
M,41750.66
M,46166
M,95084.42
M,56435
M,95084.42
M,53790.7
M,51471
M,75147
M,95740
F,64761.2
M,89336
M,81336.03
M,86368.96
F,53991.23
M,96460
F,90458.46
F,41115.62
M,52994.97
M,28496.8
F,87589
M,40242.06
M,75653
F,44055.47
M,125070.19
F,94524.51
M,75653
M,133286.66
M,98612.2
M,85593
M,29494.56
F,45877
M,56435
F,37720.22
M,79823.25
M,119000
F,57802
M,59827
M,160454
M,45412
F,105241
M,159601.76
F,60194
F,91869
F,44547.48
F,179523
M,32113.9
M,77166.06
M,83700.75
F,26000
M,42261.01
M,103162.59
M,74732
F,38232.54
M,95740
F,37720.72
M,79829.9
M,99710
M,84437
M,74732
F,59167.32
F,45401.43
M,138664.72
F,105241
M,97091.55
M,105241
F,87716.49
M,84977.46
F,77922.59
M,79063.07
M,123529.11
M,109817.64
F,65093.3
M,81221.63
M,57576
M,163460.26
F,72269.42
M,121135
M,126259
M,113487.75
F,43774.03
F,68893
F,68779.69
M,45412
M,93717.21
M,75668.69
F,91995.97
F,63656
M,67723.53
M,129144.19
M,118829.59
M,55810.42
F,48107.09
M,67816.83
F,51080.2
M,97114.05
M,95084.42
M,41651.17
F,100370
M,106104
M,95084.42
M,90046
M,76766
M,99250.9
M,76539.02
F,98612.2
F,59297.81
F,81730
M,95084.42
F,74354.67
F,87107
F,65751
F,68014.69
F,45877
F,62735.65
M,46179.85
M,47796.15
M,95084.42
M,68808.11
M,23897.76
M,64726.09
M,74732
F,80056
M,106104
F,58725.18
F,77922.59
F,66524.93
F,59467.09
M,65751
M,64192
M,47796.15
M,28497.17
M,65751
M,70778
F,95302.47
M,56878.82
M,107345.82
F,78044.74
F,44618.22
F,70270.86
F,65054.73
M,77884
F,93465.27
M,73997
F,55256.94
M,60316.63
M,33844.69
F,60797.13
M,44618.21
F,31594.95
M,44617.77
M,81730
F,127013.13
M,65122
M,45249.8
F,18322.04
M,73043.72
F,81042
M,47795.49
M,95084.42
M,36500
M,98612.2
M,105241
F,70959.79
M,60725.54
M,79285
F,88288.26
M,93199
F,58671.5
F,40873.91
M,95590
M,62301
M,95084.42
M,51471
F,79285
F,26083.5
F,170687
M,115788.88
F,26083.5
F,110359
M,44617.68
F,95740
M,77057.57
M,41650.84
F,93199.83
F,65751
M,61680.94
M,58410
M,53413.8
F,89941.68
M,137700
F,59428.05
F,47487.87
M,41585.06
M,36876.23
M,64763
F,107345.82
F,58824.75
M,60810.43
M,83700.75
M,99836.1
M,152519.94
M,60455.5
F,50337.04
M,122522.55
F,100370
M,58753.47
M,62492
M,91869
M,97091.55
M,54527.96
F,100370
F,23093.46
M,64416.09
M,88761
M,110359
M,56638
M,51471
F,100370
F,40145.78
M,132230.11
F,103381.1
F,19539.05
F,45784.54
F,21295.36
F,83218.74
M,100013.38
M,56283.77
M,80056
F,21459.88
M,48878.12
F,60725.54
M,75340.79
F,66481
F,52060.1
F,77381.3
M,53311.42
M,47795.48
F,17112.52
F,89091.5
M,101747
F,40242
F,44950.87
M,88761
F,51471
F,42427.76
F,81425.21
M,61712.45
F,68893
M,91869
M,119595
M,69375
F,26083.5
M,99836.1
M,60145.17
F,70959.79
M,93080
F,47434.13
F,88419.72
M,16799.58
F,68828.92
M,86301.26
F,103381.1
M,107730.34
F,67137.4
F,105241
F,137293.93
F,82858
M,96460
M,67723.53
M,103162.59
M,75562.99
M,45881.25
F,94841
F,28935.01
M,70954.14
M,127013.13
F,105241
F,64863.14
F,90202.66
F,41120.25
F,16451.5
M,57895
M,79453.1
M,53274
F,47635
M,95084.42
M,42261.94
M,35582.15
M,85758
F,71495
F,52373
M,56435
M,102516
M,50172
F,86313.49
F,62854.81
F,74070.2
M,55629
F,70959.79
M,65555.19
M,64763
F,26322.07
F,97262.1
F,59915
M,49228.44
M,64192
M,64510.15
F,52967.18
F,98325
M,56435
M,41651.17
F,86624.76
F,49306.1
M,102516
F,68893
F,40242
F,103381.1
F,91869
M,106104
F,100370
F,93378.14
M,116369.19
F,126487.28
F,100370
M,59922
F,76490.74
F,51082
F,76885.05
F,59922
M,152519.94
M,41650.84
M,85693
F,43108.96
F,64566
M,35621
M,67723.53
F,82272.36
M,106811.84
F,26866.01
M,109817.64
M,84340
M,84608
M,99128.55
M,65693
M,85593
F,65122
M,127013.13
F,138790
M,74732
F,50863.63
M,77166.06
F,63411.56
M,41651.17
F,39247.77
M,58809.54
M,59922
M,36256.47
F,20931.88
M,42551.52
F,91869
M,47135.27
M,22210.59
F,69791.87
F,28601.5
M,45880.92
F,55645.43
M,89720.21
M,31594.95
M,35431.4
M,177649
M,74732
M,56873.35
F,61704.27
M,69067
F,135693.58
M,53747
M,82400
M,43108.96
F,73991.69
F,47870
F,85462.91
M,95084.42
M,59608.05
M,46166
F,34376.24
M,136258
M,95084.42
M,79269
M,120442.11
M,99674
F,103381.1
F,62020
F,87107
F,152519.94
M,60145.17
F,54378.79
F,68893
F,160406.44
M,41650.84
M,69762
M,74318
F,88928.35
F,51086.12
F,59258.09
M,67723.53
F,62670.98
F,87107
M,90739.99
M,80000
M,95084.42
F,60076.67
M,95084.42
M,87107
M,100170.56
M,59922
F,83100
M,95084.42
M,81748
M,67030
M,109817.64
F,59915
F,100370
F,89720.21
F,100370
M,138790
M,87107
M,149883.8
M,138790
F,27800
M,93080
M,44618.21
M,71228
M,88761
F,160439.06
M,71412
F,138145.66
M,99337
F,49790.85
M,108919.55
F,44030.61
F,51534.02
F,26866.01
F,57578.29
M,31594.95
F,95740
M,68572
F,95740
M,65670
F,26030.04
F,76598.01
M,71804
F,70959.79
M,55000
M,48878.12
F,37720.73
F,87107
M,74318
F,47482.7
F,68893
M,58294.45
M,53274
F,44230.07
M,87549
M,71335.92
M,60145.17
M,48500
F,21664.64
M,88761
M,85758
M,125070.19
F,62674.12
F,54057.97
M,93134.89
M,56405.43
M,81000
F,68477.31
M,137077.16
F,102235.5
F,105241
M,59922
M,16799.58
F,107345.82
F,93200.07
M,106827.53
F,40145.8
F,73526.01
M,67723.53
F,108398.23
F,56635.33
M,45412
M,98612.2
M,107720.64
F,119825
M,95084.42
M,41381.82
M,46166
F,64217.44
M,69577.09
F,87195.09
M,84682.23
M,41477.23
F,49790.85
M,59390.35
F,78301.27
F,53017.69
M,90636
M,93828.96
M,72203
M,46166
M,109480.1
M,63656
M,46166
M,65751
M,60455
M,87107
F,61712.45
F,77080.92
M,41651.17
F,102377.4
F,121372
F,50339.42
F,83100
F,61712.45
F,93327.68
M,55100.87
F,46073.67
M,53274
M,87212.74
F,40242.06
M,40242.06
F,106772.45
F,87107
F,86814.05
M,94868.6
F,37720.32
M,59922
M,38580.72
M,49339.96
M,53274
F,44266.27
F,54719.07
F,51533.42
M,90046
M,46179.85
M,78032.15
M,76292
M,69375
M,55629
F,68340
F,102936.86
F,85593
M,132230.11
F,82098.82
M,78320.72
M,38886.48
M,161810
F,58098.42
M,62492
M,64651.04
M,72043.21
M,38580.72
M,67030
F,107345.82
F,50185
M,55235.34
F,57068
M,46166
M,57203
F,84029.5
M,81748
M,96460
M,52346.94
M,89336
F,64667.2
M,77347
M,58368.97
M,95084.42
M,66292.07
F,66535
M,65122
M,36067.97
F,36444.79
M,45412.44
M,35621
M,59825.46
M,42260.63
M,103381.1
M,95084.42
F,96783.15
F,46073.67
F,105241
M,55784
M,62020
F,19302.86
M,68385
F,88761
M,59922
F,75653
M,49470.1
M,60032
M,81709
F,105241
M,110054.09
F,131103.09
M,79269
M,80512
M,48890
F,80000
F,80355.57
F,175688.1
M,95740
M,138713.3
F,64260
M,223492.8
M,95084.42
M,99128.55
M,60455
M,99295.03
M,38605.75
F,68893
M,109817.64
F,103494.77
M,38974.7
F,105241
M,78300.86
F,53337.71
M,43108.96
F,17027.65
F,83100
F,70959.79
F,82345.19
M,85758
M,67030
M,74354.67
F,37159
F,82892.75
F,66460.64
F,89720.21
F,23903.33
M,17623.57
F,70959.79
M,53747
M,77922.59
M,62301
M,64482
F,64252.22
M,20930.74
M,91314
M,72189
M,89720.21
F,95740
F,97114.05
M,78999
F,77922.59
M,48960
M,107345.82
F,30856.23
F,96326.75
M,160454
M,60554
M,137061.95
M,99454.45
M,127013.13
F,101337.03
M,61918.9
F,74732
F,105241
M,83100
F,75090.01
M,109817.64
M,67030
M,63275
F,90637.54
F,52648.14
F,59258.09
M,65122
F,54132.25
F,42830.45
M,62445.62
M,65751
F,62353.58
F,62920
M,104807.21
M,85819.25
M,88761
M,97114.05
M,64552
M,49816.53
F,105828.55
M,95845.26
M,102509.26
M,114471
M,80056
M,46179.85
M,89720.21
M,71804
M,70494.86
F,126158.08
M,103199.85
F,107829.55
M,95845.26
M,60455
M,81663.55
M,132230.11
M,91869
M,95084.42
M,116257.71
M,69813
F,72189
M,121372
F,100370
M,88038.12
F,39168
F,84626.13
F,35135.43
M,101423.88
M,85593
M,121982.82
M,121055.92
F,78540
F,68357.02
M,62020
M,97114.05
M,97686
F,83100
M,49471.4
M,67403
F,78669.71
M,78629.79
M,96303
F,16451.5
M,68828
M,97512.08
M,57216.67
M,62301
M,135479.8
F,115254.42
F,52869.8
F,43006.27
F,111817.58
F,121372
M,103381.1
M,63240
M,82858
F,110670.38
F,100370
F,59825.47
F,53040
M,91101
F,52060.1
M,64118.45
F,49143.85
M,138790
M,46179.23
F,75653
M,43108.96
F,25605.98
M,134267.11
F,64352.27
F,72189
F,100370
M,69075
M,92626.29
M,78300.86
F,88740
M,53517.97
F,59258.09
M,85284
M,37570.62
M,83950
M,88761
F,133975.58
M,82043
M,109817.64
F,94199.28
M,35612.02
F,25125.14
M,55784
F,48107.09
M,68526.58
F,67723.53
M,62020
M,71228
F,65808.01
M,84451.19
F,120960.27
M,67030.12
M,67403
F,68433.11
F,105241
M,46166
M,109480.1
M,59922
M,69375
M,109817.64
F,97403.14
F,32102.94
M,38580.71
F,37710.12
M,56435
M,53274
M,60455
F,77922.59
M,60032
M,95084.42
F,132878.64
M,91869
M,122718
F,54027.46
M,88849.14
M,76920
M,56190
M,87107
M,51607.45
F,108924.44
M,73663
M,74619.66
F,91958.86
M,50172
F,60412.61
F,98253.77
M,85064.86
F,95740
M,35431.4
M,57720.13
F,66205.06
M,79611.71
F,121372
M,78300.86
M,50172
M,67030
M,132878.08
M,98632
M,114872.83
F,61712.45
M,80827.7
F,57292.84
M,70959.79
M,68572
M,59922
F,100370
M,70959.79
M,88849.14
M,78300.86
F,17027.65
F,77347
F,23093.46
M,80056
M,138790
M,105241
F,129817.78
M,99836.1
M,125492.11
M,59922
M,90334
F,40145.78
M,86008.5
M,84608
M,63992.03
M,71412
M,79269
M,91869
M,79195
M,77347
F,75555.04
F,77166.06
F,98612.2
F,95061.45
M,106104
M,90487.2
M,123799.44
M,67403
F,62020
F,81663.55
F,29957.5
M,90636
M,78160
M,73696.3
F,138790
F,56679.36
M,60455
M,84786.16
M,59922
M,67723.53
M,23793.42
F,160454
M,63380.95
M,73255
M,60455
F,93378.14
M,41650.84
M,119152.78
M,99337
M,72203
F,105241
M,106104
F,87333.36
M,138776.03
F,80870.7
M,103682
M,67723.53
M,43118.44
F,70959.79
F,83172.22
F,67030.13
M,64651.04
M,49718.22
M,99337
F,95084.42
M,90613
F,49306.1
M,57211.43
F,53761.64
M,50603
M,47795.49
M,57895
F,104418.3
M,63309.97
F,48152.06
M,215120
M,88761
M,86731.77
F,29205.66
M,49718.22
M,108848.84
F,160454
M,91869
F,95740
M,15974.85
F,92849.58
M,62301
M,81663.55
M,75844.82
F,160454
F,46073.67
M,60455
F,115732
M,16527.56
F,76195.83
M,59922
M,32700.28
F,44421.15
F,72284.65
M,68963.6
M,82400
M,151678.64
F,105241
M,57895
F,93985
F,43733.38
M,77168.9
M,45077.29
F,53039
F,53274
F,87903.67
M,83100
M,138790
F,71988.31
F,58502.01
F,138790
M,71495
M,122479.11
M,99337
M,62492
M,69375
M,88926
F,121372
M,121982.82
F,44860.11
F,103374.13
F,147214.56
F,39805.84
M,60455
F,73632.78
M,59922
M,73264.77
F,103381.1
M,41650.84
F,36136.22
M,74421
M,63275
F,70959.79
M,17810.73
F,43006.21
F,77108.77
F,40028
M,55784
F,50871.33
M,67846
M,110359
F,85593
F,105241
F,121372
M,99049
M,68378.42
M,127013.13
M,71804
M,60700.67
M,28497.17
M,61135
M,81663.55
M,41651.17
F,53790.71
M,81663.55
M,81730
M,56100
M,91869
M,64651.04
F,125013.16
M,64651.04
M,43108.96
M,138790
M,56048.59
F,62674.12
M,143239
M,76174.56
F,67311.65
F,56635.33
F,54721.26
M,58621
F,31997.81
F,100370
F,70959.79
F,30856.23
F,110359
M,87107
M,81122
M,153414.79
F,79760.73
M,67723.53
M,160454
F,25605.98
M,122300
M,54608.24
F,70959.79
M,81663.55
M,74732
F,91869
F,131149.25
M,75653
M,109817.64
F,84058.24
M,84437
M,74294.57
F,59825.46
F,94623.17
F,67631.88
M,54721
F,95084.42
F,68893
F,100370
F,79393.97
M,67023.86
M,64552
F,51082
M,56435
F,106054
M,67270
F,78985.33
M,61712.45
F,59796.36
M,51471
F,85837.09
M,114177.26
M,129143.11
F,70959.79
M,49470.1
F,60455.5
M,62257.89
M,99128.55
F,95740
M,87107
M,74354.67
M,60143.86
M,67723.53
F,26866.01
M,55672.67
M,77347
F,58039.92
M,28532.53
F,69762
F,18878.58
M,75395.36
M,50603
M,101374
M,95084.42
M,93468.35
F,138790
M,94049.16
M,51202.98
F,41651.17
M,43108.96
F,82011.52
F,62000
M,62515
F,55272.65
M,49470.1
M,44617.77
M,99883.8
M,68651.15
M,96977.38
F,49470.1
M,103381.1
F,23903.33
M,59827
M,102377.4
M,91869
M,74732
M,63275
M,99337
M,138790
M,84608
F,59915
F,107345.82
M,47003
F,103381.1
M,60455
M,77166.06
M,105241
M,46166
M,96867.09
M,113951.52
M,81748
M,99128.55
F,70959.79
M,88761
F,107345.82
M,60455
F,78930.75
M,74316.33
M,86010.13
M,53274
M,105455.03
F,75653
F,59915
F,52929.32
M,67723.53
M,51187
F,85593
M,43108.96
M,60455
M,98612.2
M,82059.56
M,64651.04
M,102516
F,95084.42
F,82043
M,93808.26
F,82239.42
M,97114.05
F,43733.38
M,43108.96
M,79285
M,93080
M,76920
M,85593
F,85758
M,89931
M,57068
M,36827.05
M,94710
M,67723.53
M,72066
M,70982.09
F,68893
F,125000
F,88288.26
F,36921.34
F,60146.38
M,68563.74
M,58919.09
M,41651.17
F,87107
F,76819.08
F,75653
F,89720.21
M,170000
M,70959.79
M,66971.96
M,113472.06
M,58410
M,47482.7
F,131228.48
F,44618.21
M,35694.59
M,100370
F,40658.5
M,55122.53
M,18322.04
M,84059
F,44329.72
F,95740
M,44618.2
M,65590.84
M,76311
F,43712.31
F,78904.97
M,60146.51
M,78300.86
M,78983
M,78475
M,91869
M,65490
M,60724.19
M,73255
F,68893
M,57576
F,26866.01
F,62003.8
F,60194
F,58139.28
F,77922.59
M,54498.53
F,92643.77
M,206000
M,40242
M,101747
F,16451.5
M,123529.11
M,46166
M,46179.85
M,103381.1
M,46166
M,95084.42
M,87107
M,46179.85
F,31594.95
F,74357.04
F,68121.51
M,74732
F,96757.62
M,90346.49
F,44266.27
F,72966.12
M,103452.75
M,75653
M,49787.25
F,51000
M,89325.93
F,44511.48
F,103575.3
M,76704
M,71233.11
M,113487.75
F,99673.61
F,93322.43
M,152755.87
M,45412
M,60031.75
F,98247.98
M,28503.36
F,107345.82
M,117582.69
F,111948.69
F,101653
M,108398.23
F,59915
F,25544.28
M,115732
F,43866.12
F,80357
M,62297.9
M,41651.17
F,138790
M,79458.38
M,31594.95
M,40242.06
F,83313.15
F,59258.09
M,77347
F,57908.5
M,82400
F,69729.7
M,97654.8
M,82400
F,68893
M,88268.94
M,47003
M,55170.88
M,73738.99
F,57268.01
F,19359.72
M,55629
F,71405
F,94329.67
M,95084.42
M,83009.8
M,51690.55
M,96412.92
F,85051.66
M,85593
F,100370
M,65751
M,79285
M,87107
M,104387
F,57720.51
M,91869
M,85758
M,108398.23
F,105241
F,94053.42
M,43431.71
F,74354.67
M,60509
F,66329.6
M,118406.19
M,76355
M,91869
F,67403
M,120442.11
M,80827.7
M,71804
M,45881.25
M,56403.81
M,127013.13
M,81730
F,17810.5
M,59922
M,124007.42
M,103162.59
M,123529.11
F,95437.98
M,46166
F,100370
M,97114.05
F,138790
M,145092.51
M,91869
M,42830.45
M,84608
M,172934.28
M,103718.74
F,30856.23
M,97091.55
F,45877
F,68893
M,84608
F,41551.88
F,77922.59
M,95084.42
F,103381.1
M,65718.27
M,95084.42
M,40214.8
M,67723.53
F,70959.79
M,72269.11
M,32903
M,38945.39
F,102840.46
F,74354.67
F,67137.39
F,81231.1
M,89323.35
F,131987.56
F,59915
M,93808.26
M,97091.55
M,78300.86
F,37403.4
F,59922
M,76920
M,82858
M,103199.85
M,136574.07
F,61087.76
M,75653
F,38690.64
M,102717.05
M,105241
F,17623.57
M,62343.16
F,97147.86
F,84881.44
M,117286.55
M,123422.47
M,50172
F,47695.57
F,68893
M,138790
F,105241
F,113811.01
F,40287.5
F,19539.03
M,60686
M,47135.27
F,44511.48
F,54719.07
F,86471.75
M,135000.75
M,56435
M,62020
M,97091.55
F,210120
F,40146.08
M,73110
M,109817.64
M,127013.13
M,82858
M,71559.72
M,125501.56
M,79829.9
F,122318.43
F,49469.26
M,62492
M,95084.42
F,94053.42
M,77166.06
M,108411
F,87176
M,129143.11
F,95084.42
F,23093.46
M,37275.97
M,78300.86
M,173652.29
M,55272.63
M,89931
F,66810
M,106104
M,110359
F,120878.93
M,103162.59
M,114471
M,59226.79
M,67723.53
M,59922
F,55138
F,95084.42
M,80056
M,138664.72
M,68477.31
M,61855.05
F,62515
M,79458.38
F,83100
F,18878.58
F,73713
M,68764
M,160320.82
M,103162.59
M,96303
M,64340.08
F,20734.22
M,160454
M,73449
M,77000
M,122979.11
M,91869
F,49150.02
F,42919.18
M,68893
F,108380.03
M,53790.72
M,159432
M,79979.99
F,57921.5
F,67051.8
M,82517.24
F,87684
F,60412.34
M,95084.42
M,109817.64
M,65122
F,146065.1
M,69762
M,82858
M,72232.18
M,66740
M,49469.27
M,43733.38
F,44617.01
M,38580.74
M,109817.64
M,87107
F,26322.06
F,43443.05
F,61919.28
M,100370
M,54849.8
M,89720.21
M,51201.56
M,93784.46
F,64958.7
F,72935.87
F,41199.17
M,51310.48
M,56768.38
M,45412
M,97654.8
M,125619.85
M,73841
F,121372
M,100170.57
F,67992.21
F,118080.4
M,63977
M,59660.8
F,58379.61
M,99720.67
M,79829.9
F,41651.17
M,99710
M,80090.73
F,95740
M,56435
M,41651.17
F,78009.31
M,64995
F,64741
M,67403
M,56252
F,54640.39
M,105241
M,53747
M,109817.64
F,71218
M,64529
M,59740.33
F,29957.5
M,77347
M,59922
M,48890
F,92210.18
F,66161.64
M,64482
F,97604.5
F,49353.35
F,22294.81
M,65122
F,83100
M,69604.84
M,119425.54
M,62248.7
M,41651.17
M,91869
F,41551.88
F,157002.02
M,99710
F,61200
F,107345.82
M,52995.09
F,52684.02
M,65122
M,70959.79
M,48563.19
M,65751
M,65751
M,65751
F,70959.79
F,47188.34
F,79754.06
M,122718
F,138790
M,121372
F,134920.79
M,69375
M,84437
M,144328
M,55784
F,77922.59
M,50172
M,95084.42
M,97114.05
F,57720.51
F,53048.93
M,108848.84
F,71805.66
F,85284.94
M,41651.17
F,61712.45
M,106104
F,64252.46
M,97114.05
F,94108.8
F,111102.93
F,61503.96
M,51202.98
F,98098.17
M,46166
M,115913.02
M,70422
F,52684.02
F,74732
M,40242.06
F,50575.15
M,97114.05
F,77157.31
M,92673
M,116481.61
M,62446.13
F,63696.55
F,86218.96
F,51202.98
F,68893
M,49143.84
M,71574.87
M,46179.85
F,100370
M,58919.09
M,46166
F,23093.46
F,19539.05
M,60194
M,70630.61
M,95084.42
F,49149.94
F,77765.74
M,77347
F,98325.15
M,102377.4
M,67270
M,49469.25
F,93655.12
F,70959.79
F,80055.59
M,147214.56
M,96900
M,58423.56
F,60537
F,60500
M,49470.1
M,103678.6
F,59258.09
M,51201.55
M,103162.59
M,43108.96
M,45816.29
M,57214.12
F,17027.39
M,47003
F,87107
M,95740
F,62353.59
F,91869
M,60455
M,95084.42
F,95740
M,61353.28
M,45877
F,129215.07
F,40242.06
F,82428.99
M,61712.45
F,82858
M,103381.1
F,73088.72
F,52059.73
M,41610.27
M,34233.24
F,54719.07
F,53747
F,25605.98
M,123799.44
M,69375
M,114240
M,95084.42
M,41650.84
F,131099.42
M,138664.72
F,49445.96
F,49470.1
F,107345.82
F,23903.33
M,69375
F,59258.09
M,153744.91
M,49861.15
M,79269
M,47935.35
M,109817.64
M,86374
M,83100
F,70959.79
F,103381.1
F,85117.55
M,160454
F,96235.11
F,59872.43
F,63072.81
F,51082
F,31594.98
F,71495
M,64651.04
M,58000
M,109817.64
M,28496.8
F,41651.17
F,95740
M,40242.06
M,93808.26
M,121372
M,58199.43
M,47487.85
F,75653
F,45877
M,95084.42
F,39741.73
M,82517.24
M,46166
F,46070.34
M,73110
M,60447
M,92622.66
M,56435
M,122678.6
M,68524.79
M,73052.73
M,62020
M,95084.42
M,53747
M,81600.2
M,83100
M,95740
M,43733.38
M,41650.84
M,59131.06
M,109817.64
M,109817.64
M,66535
M,68827.75
F,91867.64
F,50603
M,79269
M,57720.51
F,53761.13
F,34446.5
M,82858
F,48174.94
M,85593
F,87107
M,108411
M,70959.79
F,57532.13
F,126290.29
M,56532.74
M,65783.79
M,91869
F,82112.85
F,40145.86
M,117291.18
M,46179.85
M,129457.16
F,61712.45
F,36325.94
F,105241
M,103162.59
F,40242.06
M,60455
M,40242.06
M,80227
F,102861.51
F,61605.62
M,97091.55
M,77953.91
F,58879.31
F,41551.88
M,46179.85
M,105241
M,66740
M,67723.53
F,41963
M,60194
F,68103.37
F,95740
M,82858
M,53789.41
M,113669.77
F,40407.38
M,92727.54
M,102509.26
M,40242.36
M,17623.61
F,132835.9
M,41651.17
M,76500
M,109817.64
M,59915
M,87001
M,110359
M,61712.45
F,95491.24
M,27483.06
M,57576
M,71104
M,58378.28
M,99191
M,85593
M,47796.15
F,51471
M,95084.42
M,72136.85
F,59258.09
M,50603
M,73713
F,62020
M,123529.11
M,108848.84
F,85593
M,51597.39
M,160448.53
F,100370
M,66535
M,60470.93
M,31877.89
M,43953
M,44913.96
F,61176.32
M,95084.42
M,115732
M,121372
F,17810.73
M,56042.38
F,27859.96
F,26072.61
M,63615.42
F,100196.37
M,37757.15
M,52098.84
F,100370
M,76292
M,91869
M,58502.01
M,43108.96
M,76589
F,103381.1
M,65751
F,77922.59
F,64147.73
M,67030
F,75549.64
M,109817.64
F,91869
M,59827
F,15216.03
M,46166
M,105241
F,103381.1
M,95740
M,97383
F,81619.42
M,58632.39
M,72176.34
F,77168.9
F,59442.85
F,58483.38
M,74489.27
F,58157
F,76314.04
M,57576
F,97654.8
F,40242.06
F,47686.24
F,53621.02
M,94053.42
F,64257.75
F,68893
F,78512.41
M,87107
F,61734.21
M,79269
F,77494.52
M,109817.64
F,51163.04
F,44455
M,74354.67
F,19359.72
F,100984.8
M,78320.72
M,46166
M,94638.53
F,62020
M,62020
F,59915
M,107345.82
F,72176.34
M,159302.59
M,91869
F,74316.37
M,113487.75
F,53458.23
M,71172
F,52684.02
F,44860.11
M,31238.4
F,55768.6
M,40242.06
M,61629.58
M,53274
F,76254.85
M,67723.53
F,47635
M,65751
F,92362.41
F,62020
M,79285
F,61449.07
F,118046.64
M,85543.06
M,133509.2
F,77922.59
F,92931
F,40214.8
M,62301
M,69075
M,47796.15
F,137122.83
M,90636
M,152519.94
M,95084.42
F,79285
M,68893
F,66439
F,78449.84
M,65751
M,40338.81
F,73177.4
F,22313.16
M,52373
F,73408.66
M,117689.36
F,58650
M,121372
M,56435
F,47682.72
F,58222.24
M,47796.15
F,49479.9
M,58157
F,175398.29
M,58160.13
F,103381.1
F,61712.45
F,69395
M,78962
M,38945.4
M,75516.16
F,81730
M,85758
M,95117
F,113461
M,20560.06
M,55673.38
M,75083.8
M,152908
M,83100
F,100370
M,85758
F,87589
F,117238.12
M,79285
M,50603
M,51082
M,47586.62
M,51850.86
F,66391.87
F,75653
M,99279.14
M,123799.44
M,89931
F,160454
M,82400
M,104760
F,103677.74
F,95084.42
M,46179.86
M,112434
M,43443.05
M,46653.91
F,47982.76
M,33844.7
M,30520.9
M,49470.1
M,56259.63
M,42830.19
M,90307.31
F,105241
M,125492.11
F,19308.11
F,155607.86
M,91869
M,81663.55
F,44936.25
M,127331.76
F,59258.09
M,82043
M,30535.63
F,72259.65
M,82858
F,95740
M,78300.86
F,53882.7
F,49253.7
M,46166
F,59922
M,67023.86
F,61919.28
F,103381.1
F,105241
M,91869
F,58500
M,106827.53
M,103162.59
F,99843.93
M,31594.95
M,95084.42
M,19864.87
M,60420.58
M,65122
M,77347
M,81122
M,77198.58
M,145092.51
M,90636
F,36444.79
M,97114.05
M,56768.38
M,67030
M,82858
F,92310.88
F,103381.1
F,42816.47
M,45412
F,67723.53
F,99836.1
M,56435
M,53747
M,174475.62
M,49470.1
M,65122
F,26866.01
F,32113.9
M,95084.42
F,61970.9
F,40242
M,58483.38
F,65751
M,74732
M,103381.1
M,57007.8
M,57853.83
M,67723.53
F,65751
M,59922
M,65122
F,88288.26
M,58410
M,84608
M,90636
M,90404.47
F,61176.32
F,94251.18
M,47419.86
F,15216
M,84628
M,67403
M,57368.19
M,67723.53
F,91090.93
F,65055.06
F,69148.35
F,69684.85
M,72203
F,78191.03
M,71920
M,95499
M,65244.15
F,50797.83
M,110359
F,138071
F,97403.14
M,79285
F,69000
F,24274.85
M,91180.91
F,67929.92
F,55605.84
F,38610.4
M,104546.26
M,58157
M,81474.4
F,59364.18
F,59596.75
M,65751
M,72080
M,145092.51
F,71542.63
M,99710
M,73841
M,49260.34
F,72438.26
F,50185.96
M,42591.23
M,51471
F,66604.61
F,72505.94
F,149794.88
F,110359
M,53274
F,94053.42
F,26866.01
M,47796.15
F,70959.79
F,47796.15
M,72798.84
M,48174.95
F,159242.86
M,63860.32
F,62768
F,35621.46
M,38629.44
F,79285
M,49149.93
M,68000
M,99836.1
F,17027.65
F,95084.42
M,81663.55
M,53747
M,45412
M,30526.55
M,103381.1
M,53732.01
M,47796.16
M,97114.05
M,105241
F,66733.41
M,44618.21
M,97114.05
F,41651.17
F,56518.24
M,38711.62
F,31594.95
M,17623.61
M,108398.23
F,85593
M,55138
M,98612.2
F,55049.76
M,43108.96
M,119988.87
M,108272.88
M,78434.53
F,55257.46
F,26916.65
M,56769.2
M,158106.81
M,95084.42
F,73578.49
M,38974.7
M,113669.77
M,95930.46
M,93832.94
M,56435
M,77252.23
F,112434
M,52212.87
M,40242.36
M,98027
F,67403
M,57576
M,87812.9
F,26866.01
F,26083.5
M,16799.58
M,89720.21
M,105241
M,61194.11
F,115732
M,77347
F,48107.1
M,97604.5
M,74318
M,69762
M,89931
M,58747.75
M,52684
M,108924.44
F,103381.1
F,20973
M,69883
M,19539.33
M,105241
F,85283.03
F,105241
M,91869
F,59922
M,82400
M,116858.26
F,58566.01
M,80505
M,65122
F,40290
F,100370
F,43712.31
M,91869
F,65751
M,74588
M,65751
M,44617.77
M,88761
F,78301.27
F,100370
M,57576
F,212556
M,62020
M,85987
F,95084.42
F,70959.79
F,59915
M,95084.42
F,24739.55
M,72203
M,49150.02
F,91869
M,63326.36
F,95740
M,75653
M,95084.42
M,88095.72
M,117510.8
M,95740
F,89720.21
M,109817.64
F,100370
M,67723.53
M,96460
M,67723.53
F,87107
F,101747
F,70959.79
M,103691.59
M,81997.26
F,108077.33
F,86535.1
F,67583.72
F,79560.58
M,91101
F,77219.07
F,80929.85
M,86889
F,63492.14
M,65751
M,46667.14
M,106811.84
M,87107
M,67029.17
M,44617.77
M,57135.91
F,77166.06
M,44618.21
M,109817.64
M,52995.09
F,103020
M,67612.46
F,82858
M,78300.86
F,37720.33
F,97654.8
M,112434
M,46166
F,60145.17
M,98612.2
F,80056
F,84591
M,36867.04
M,49149.94
M,84591
F,63658.71
F,100370
M,41974
F,41651.17
F,91869
M,69762
M,58410
M,59922
M,74732
F,49790.83
M,95084.42
M,50172
M,78300.86
F,100370
M,37570.62
F,103381.1
M,106104
F,72804.62
F,38961.3
F,82401.32
F,82737.14
M,50172
M,31594.95
M,83785
M,58000
M,45412
M,81748
M,74354.67
F,107345.82
M,68764
M,50172
F,37532.66
M,67723.53
M,53414.87
M,91869
M,91869
F,59915
M,100370
F,77347
M,62020
M,102377.4
M,51607.44
F,51655.27
F,28497.17
F,29205.56
F,59258.09
F,64214.85
F,78387.56
F,100370
M,34233
M,79839.22
M,79285
F,75653
M,40587.54
M,93291.6
M,123172
F,156060
F,155981.33
M,65751
F,50603
F,77041.79
M,83465.31
F,72700.32
F,44618.21
F,44617.77
F,79829.9
M,47419.85
F,61712.45
M,71381.23
M,115765.1
M,95084.42
F,43108.96
F,77130.34
M,106827.53
F,19539.03
M,84786.16
F,134918.62
M,57068
M,82400
M,105241
M,100370
M,135500.56
F,45012.02
F,105241
M,79285
M,110360.33
M,77674.25
M,67403
F,138790
F,75653
F,27249.45
M,60765.48
M,40242.67
M,91869
F,70959.79
F,87107
M,121135
F,57414.85
F,103381.1
F,54849.79
M,144328
F,27859.96
F,80870.7
M,99337
M,122479.11
M,55629
F,68893
M,95084.42
M,105241
F,56405.42
M,120442.11
M,121372
F,147214.56
F,79148.58
F,43006.21
M,29500.98
M,36868.21
M,65859.68
F,47686.24
M,88761
M,58410
F,47482.22
F,50299
M,78475
F,37720.75
M,41651.17
F,90924.38
F,103818
M,30526.55
F,115732
M,84608
F,43443.1
M,40509.74
M,40242.06
M,91869
M,67947.2
M,152519.94
M,83553.96
F,103381.1
M,107306.46
M,51534.02
M,179523
M,69148.35
M,34378.89
M,60455
M,99710
M,82858
F,61712.45
M,91101.54
F,92273.85
M,121372
M,93309
M,74318
F,83100
M,60455
M,110359
F,29459.55
M,51471
M,59915
F,68893
F,78853.44
F,121372
M,61712.45
F,44618.21
M,109817.64
F,65562.07
M,61135
M,68939.78
M,123071.11
M,49470.1
M,62515
M,95740
M,91869
F,94699.87
F,87107
M,43108.95
F,64130.63
M,31594.98
M,66300
F,71560.57
F,85593
M,103381.1
M,95084.42
F,120842.43
F,79285
M,109817.64
M,61391.87
M,113669.77
F,62020
M,120442.11
F,70959.79
F,77922.59
M,82400
M,88034.82
F,85593
F,103381.1
F,90533.62
M,90636
M,44618.21
M,107345.82
M,66006.03
M,79269
F,82935.28
M,121372
M,43500
F,74722.91
M,69067
F,128980.79
M,77347
F,70913.26
M,106827.53
M,66072
F,84425.66
F,74460
F,93487.35
F,55427.82
F,43431.71
F,98612.2
F,59915
M,159601.76
M,53274
M,83700.75
M,120293.9
F,121027.15
F,105241
M,93808.26
F,25890.54
F,117420.67
M,103985.92
M,79269
F,121372
M,51082
F,43108.96
M,51471
M,65714.36
M,109817.64
M,75063.4
F,28497.17
F,72936.12
F,68164.75
M,112434
F,20222.9
F,74354.67
F,110359
M,106104
M,68903.09
F,17810.73
M,51202.98
F,49470.1
F,74732
M,47796.16
F,19359.72
M,82858
F,17027.39
M,138776.03
M,95686
F,89720.21
M,33951.31
M,50871.33
M,98612.2
M,55138
M,82043
M,95740
F,42302.87
M,44617.77
F,41381.83
F,51471
M,71805.65
M,40242.06
F,33570.4
F,66300
M,102516
M,110359
F,105241
F,25274.97
M,99673.61
M,89336
M,68524.79
F,80056
M,72203
M,59066
M,82924.64
M,95740
M,81597.47
F,35212.33
M,85196.89
M,88287.2
M,66439
M,63275
M,67723.53
F,95740
M,99836.1
F,55180.17
M,51201.56
M,65714.36
M,110359
F,80355.57
F,52050
F,59967.04
M,110359
F,61712.45
F,70959.79
M,47897.96
F,57532.13
M,127305.49
M,67757
M,82400
F,75138.83
M,86814.06
M,47052.64
M,85758
M,41327.68
M,60194
F,96900
M,62674.12
M,160454
F,62816.74
F,52644.1
M,86128.87
F,47135.27
F,68477.31
F,121372
F,56687.43
F,83100
M,121372
M,74354.67
M,99836.1
F,67540.52
F,24740.19
M,85758
M,78983
F,85593
F,59922
M,68764
M,35621
M,85593
F,57895
F,108924.44
F,80508
M,50172
F,103077.69
M,71804
F,44618.21
M,72732.63
M,65702.21
F,62020
F,76490.74
F,172934.28
M,107365
M,160454
